variable,permutation,dropout_loss,label,Year
VarietyTIMCO,0,10163.9227615763,Field data,2016
B11_mean,0,10171.5345659528,Remote Sensing,2016
FieldTIMCO.14.CR,0,10184.2544480494,Field data,2016
FieldINIAGRAPE.ONE.15,0,10189.7339804001,Field data,2016
FieldSABLE.14,0,10189.7339804001,Field data,2016
FieldSABLE.16,0,10189.7339804001,Field data,2016
FieldTHOMPSON.08,0,10189.7339804001,Field data,2016
Average_Temp,0,10189.7339804001,Field data,2016
Max_Temp,0,10189.7339804001,Field data,2016
Min_Temp,0,10189.7339804001,Field data,2016
Average_Hum,0,10189.7339804001,Field data,2016
Average_Evapotranspiration,0,10189.7339804001,Field data,2016
Accumulated_degree_Days,0,10189.7339804001,Field data,2016
FieldTHOMPSON.07,0,10190.0791278134,Field data,2016
FieldINIAGRAPE.ONE.14,0,10190.1166202969,Field data,2016
FieldTHOMPSON.96,0,10191.0194692206,Field data,2016
FieldTHOMPSON.00,0,10193.3902386602,Field data,2016
VarietyINIAGRAPEONE,0,10195.8021109158,Field data,2016
B10_mean,0,10198.7926951737,Remote Sensing,2016
FieldCRIMSON..99.00,0,10209.611156894,Field data,2016
Area_He,0,10212.3546403216,Field data,2016
FieldCRIMSON.04,0,10216.2437637215,Field data,2016
B5_mean,0,10246.4263307098,Remote Sensing,2016
B12_mean,0,10251.9137531176,Remote Sensing,2016
VarietySABLE,0,10263.261472666,Field data,2016
B8A_mean,0,10270.3656348087,Remote Sensing,2016
B7_mean,0,10287.1234642648,Remote Sensing,2016
B3_mean,0,10290.9454876653,Remote Sensing,2016
B1_mean,0,10294.244354126,Remote Sensing,2016
B6_mean,0,10304.1456786438,Remote Sensing,2016
B4_mean,0,10377.9884254591,Remote Sensing,2016
B2_mean,0,10398.4580015873,Remote Sensing,2016
VarietyTHOMPSON,0,10422.618791875,Field data,2016
B8_mean,0,10510.6679745175,Remote Sensing,2016
GNDVI,0,10591.9593628634,Remote Sensing,2016
B9_mean,0,10622.164375383,Remote Sensing,2016
EVI,0,10723.4094420465,Remote Sensing,2016
NDVI,0,10790.385382896,Remote Sensing,2016
VarietyCRIMSON,0,11515.0380502462,Field data,2016
VarietyCRIMSON,1,10910.0980966748,Field data,2016
VarietyINIAGRAPEONE,1,10189.7339804001,Field data,2016
VarietySABLE,1,10295.9245880382,Field data,2016
VarietyTHOMPSON,1,10737.0502558089,Field data,2016
VarietyTIMCO,1,10171.563546272,Field data,2016
FieldCRIMSON..99.00,1,10190.5161681022,Field data,2016
FieldCRIMSON.04,1,10189.9721146549,Field data,2016
FieldINIAGRAPE.ONE.14,1,10187.8073608763,Field data,2016
FieldINIAGRAPE.ONE.15,1,10189.7339804001,Field data,2016
FieldSABLE.14,1,10189.7339804001,Field data,2016
FieldSABLE.16,1,10189.7339804001,Field data,2016
FieldTHOMPSON.00,1,10197.6700592586,Field data,2016
FieldTHOMPSON.07,1,10192.3077978695,Field data,2016
FieldTHOMPSON.08,1,10189.7339804001,Field data,2016
FieldTHOMPSON.96,1,10190.0672764447,Field data,2016
FieldTIMCO.14.CR,1,10187.8270411664,Field data,2016
Area_He,1,10215.7737578275,Field data,2016
Average_Temp,1,10189.7339804001,Field data,2016
Max_Temp,1,10189.7339804001,Field data,2016
Min_Temp,1,10189.7339804001,Field data,2016
Average_Hum,1,10189.7339804001,Field data,2016
Average_Evapotranspiration,1,10189.7339804001,Field data,2016
Accumulated_degree_Days,1,10189.7339804001,Field data,2016
B1_mean,1,10298.2837220902,Remote Sensing,2016
B2_mean,1,10296.1049426003,Remote Sensing,2016
B3_mean,1,10301.5602444954,Remote Sensing,2016
B4_mean,1,10274.8167154768,Remote Sensing,2016
B5_mean,1,10202.3456894966,Remote Sensing,2016
B6_mean,1,10282.7227724655,Remote Sensing,2016
B7_mean,1,10210.8397945574,Remote Sensing,2016
B8_mean,1,10476.8716204964,Remote Sensing,2016
B8A_mean,1,10250.8588088279,Remote Sensing,2016
B9_mean,1,10775.2172876053,Remote Sensing,2016
B10_mean,1,10229.0010403409,Remote Sensing,2016
B11_mean,1,10188.0698984957,Remote Sensing,2016
B12_mean,1,10234.2881360767,Remote Sensing,2016
EVI,1,10586.8220610405,Remote Sensing,2016
GNDVI,1,10330.9316197238,Remote Sensing,2016
NDVI,1,10983.8606108087,Remote Sensing,2016
VarietyCRIMSON,2,11895.263776348,Field data,2016
VarietyINIAGRAPEONE,2,10195.314169039,Field data,2016
VarietySABLE,2,10357.2604067481,Field data,2016
VarietyTHOMPSON,2,10417.1350895833,Field data,2016
VarietyTIMCO,2,10162.702518052,Field data,2016
FieldCRIMSON..99.00,2,10227.2886953305,Field data,2016
FieldCRIMSON.04,2,10243.4170074431,Field data,2016
FieldINIAGRAPE.ONE.14,2,10189.4132860074,Field data,2016
FieldINIAGRAPE.ONE.15,2,10189.7339804001,Field data,2016
FieldSABLE.14,2,10189.7339804001,Field data,2016
FieldSABLE.16,2,10189.7339804001,Field data,2016
FieldTHOMPSON.00,2,10189.1621799629,Field data,2016
FieldTHOMPSON.07,2,10189.9701204519,Field data,2016
FieldTHOMPSON.08,2,10189.7339804001,Field data,2016
FieldTHOMPSON.96,2,10191.7052198931,Field data,2016
FieldTIMCO.14.CR,2,10187.8270411664,Field data,2016
Area_He,2,10214.6989002656,Field data,2016
Average_Temp,2,10189.7339804001,Field data,2016
Max_Temp,2,10189.7339804001,Field data,2016
Min_Temp,2,10189.7339804001,Field data,2016
Average_Hum,2,10189.7339804001,Field data,2016
Average_Evapotranspiration,2,10189.7339804001,Field data,2016
Accumulated_degree_Days,2,10189.7339804001,Field data,2016
B1_mean,2,10225.778219398,Remote Sensing,2016
B2_mean,2,10455.8446749923,Remote Sensing,2016
B3_mean,2,10304.8597381692,Remote Sensing,2016
B4_mean,2,10373.5544777891,Remote Sensing,2016
B5_mean,2,10274.0034365061,Remote Sensing,2016
B6_mean,2,10318.3568374058,Remote Sensing,2016
B7_mean,2,10261.7463802782,Remote Sensing,2016
B8_mean,2,10435.4040308063,Remote Sensing,2016
B8A_mean,2,10278.8540413386,Remote Sensing,2016
B9_mean,2,10403.8325538318,Remote Sensing,2016
B10_mean,2,10186.485785653,Remote Sensing,2016
B11_mean,2,10213.2094909794,Remote Sensing,2016
B12_mean,2,10235.4256435242,Remote Sensing,2016
EVI,2,10877.8997632114,Remote Sensing,2016
GNDVI,2,10754.4491017513,Remote Sensing,2016
NDVI,2,10717.9247536484,Remote Sensing,2016
VarietyCRIMSON,3,11578.3255108647,Field data,2016
VarietyINIAGRAPEONE,3,10195.2670811593,Field data,2016
VarietySABLE,3,10259.643426634,Field data,2016
VarietyTHOMPSON,3,10420.535166363,Field data,2016
VarietyTIMCO,3,10168.2933840859,Field data,2016
FieldCRIMSON..99.00,3,10190.5161681022,Field data,2016
FieldCRIMSON.04,3,10229.2629579834,Field data,2016
FieldINIAGRAPE.ONE.14,3,10187.8073608763,Field data,2016
FieldINIAGRAPE.ONE.15,3,10189.7339804001,Field data,2016
FieldSABLE.14,3,10189.7339804001,Field data,2016
FieldSABLE.16,3,10189.7339804001,Field data,2016
FieldTHOMPSON.00,3,10190.2928066678,Field data,2016
FieldTHOMPSON.07,3,10189.9701204519,Field data,2016
FieldTHOMPSON.08,3,10189.7339804001,Field data,2016
FieldTHOMPSON.96,3,10192.151129289,Field data,2016
FieldTIMCO.14.CR,3,10184.1116226724,Field data,2016
Area_He,3,10209.9876139868,Field data,2016
Average_Temp,3,10189.7339804001,Field data,2016
Max_Temp,3,10189.7339804001,Field data,2016
Min_Temp,3,10189.7339804001,Field data,2016
Average_Hum,3,10189.7339804001,Field data,2016
Average_Evapotranspiration,3,10189.7339804001,Field data,2016
Accumulated_degree_Days,3,10189.7339804001,Field data,2016
B1_mean,3,10358.4306303987,Remote Sensing,2016
B2_mean,3,10465.1353071714,Remote Sensing,2016
B3_mean,3,10252.9010630574,Remote Sensing,2016
B4_mean,3,10468.819687463,Remote Sensing,2016
B5_mean,3,10242.9154405933,Remote Sensing,2016
B6_mean,3,10317.6945232782,Remote Sensing,2016
B7_mean,3,10332.9739016614,Remote Sensing,2016
B8_mean,3,10579.6817933511,Remote Sensing,2016
B8A_mean,3,10304.6666321617,Remote Sensing,2016
B9_mean,3,10704.8549819159,Remote Sensing,2016
B10_mean,3,10183.6960161631,Remote Sensing,2016
B11_mean,3,10166.8938960063,Remote Sensing,2016
B12_mean,3,10287.0248245381,Remote Sensing,2016
EVI,3,11099.8446562303,Remote Sensing,2016
GNDVI,3,10996.5400382407,Remote Sensing,2016
NDVI,3,11135.2679770273,Remote Sensing,2016
VarietyCRIMSON,4,10795.1427906131,Field data,2016
VarietyINIAGRAPEONE,4,10205.0258451684,Field data,2016
VarietySABLE,4,10254.08313224,Field data,2016
VarietyTHOMPSON,4,10493.7976534889,Field data,2016
VarietyTIMCO,4,10151.0785889212,Field data,2016
FieldCRIMSON..99.00,4,10189.7339804001,Field data,2016
FieldCRIMSON.04,4,10189.7339804001,Field data,2016
FieldINIAGRAPE.ONE.14,4,10193.9296740652,Field data,2016
FieldINIAGRAPE.ONE.15,4,10189.7339804001,Field data,2016
FieldSABLE.14,4,10189.7339804001,Field data,2016
FieldSABLE.16,4,10189.7339804001,Field data,2016
FieldTHOMPSON.00,4,10189.1621799629,Field data,2016
FieldTHOMPSON.07,4,10192.3077978695,Field data,2016
FieldTHOMPSON.08,4,10189.7339804001,Field data,2016
FieldTHOMPSON.96,4,10191.7052198931,Field data,2016
FieldTIMCO.14.CR,4,10187.8270411664,Field data,2016
Area_He,4,10219.5992432542,Field data,2016
Average_Temp,4,10189.7339804001,Field data,2016
Max_Temp,4,10189.7339804001,Field data,2016
Min_Temp,4,10189.7339804001,Field data,2016
Average_Hum,4,10189.7339804001,Field data,2016
Average_Evapotranspiration,4,10189.7339804001,Field data,2016
Accumulated_degree_Days,4,10189.7339804001,Field data,2016
B1_mean,4,10330.4999919035,Remote Sensing,2016
B2_mean,4,10406.22254625,Remote Sensing,2016
B3_mean,4,10260.3478120724,Remote Sensing,2016
B4_mean,4,10318.202970129,Remote Sensing,2016
B5_mean,4,10271.7476226315,Remote Sensing,2016
B6_mean,4,10327.3628755584,Remote Sensing,2016
B7_mean,4,10304.6928412349,Remote Sensing,2016
B8_mean,4,10284.3448662869,Remote Sensing,2016
B8A_mean,4,10231.7716965331,Remote Sensing,2016
B9_mean,4,10665.4897783659,Remote Sensing,2016
B10_mean,4,10206.6483550838,Remote Sensing,2016
B11_mean,4,10169.5415389511,Remote Sensing,2016
B12_mean,4,10208.095782506,Remote Sensing,2016
EVI,4,10816.2612311752,Remote Sensing,2016
GNDVI,4,10610.8854670472,Remote Sensing,2016
NDVI,4,10950.8936016625,Remote Sensing,2016
VarietyCRIMSON,5,11537.020967773,Field data,2016
VarietyINIAGRAPEONE,5,10195.2670811593,Field data,2016
VarietySABLE,5,10189.7339804001,Field data,2016
VarietyTHOMPSON,5,10449.8895325975,Field data,2016
VarietyTIMCO,5,10189.7339804001,Field data,2016
FieldCRIMSON..99.00,5,10236.0021403513,Field data,2016
FieldCRIMSON.04,5,10210.5760484692,Field data,2016
FieldINIAGRAPE.ONE.14,5,10193.1833556572,Field data,2016
FieldINIAGRAPE.ONE.15,5,10189.7339804001,Field data,2016
FieldSABLE.14,5,10189.7339804001,Field data,2016
FieldSABLE.16,5,10189.7339804001,Field data,2016
FieldTHOMPSON.00,5,10197.7275948584,Field data,2016
FieldTHOMPSON.07,5,10189.9701204519,Field data,2016
FieldTHOMPSON.08,5,10189.7339804001,Field data,2016
FieldTHOMPSON.96,5,10194.8027158746,Field data,2016
FieldTIMCO.14.CR,5,10182.2613370485,Field data,2016
Area_He,5,10197.4606005018,Field data,2016
Average_Temp,5,10189.7339804001,Field data,2016
Max_Temp,5,10189.7339804001,Field data,2016
Min_Temp,5,10189.7339804001,Field data,2016
Average_Hum,5,10189.7339804001,Field data,2016
Average_Evapotranspiration,5,10189.7339804001,Field data,2016
Accumulated_degree_Days,5,10189.7339804001,Field data,2016
B1_mean,5,10288.4515522644,Remote Sensing,2016
B2_mean,5,10381.7989017155,Remote Sensing,2016
B3_mean,5,10286.2406272756,Remote Sensing,2016
B4_mean,5,10287.4241017682,Remote Sensing,2016
B5_mean,5,10269.6355376893,Remote Sensing,2016
B6_mean,5,10326.6165653111,Remote Sensing,2016
B7_mean,5,10237.2524826413,Remote Sensing,2016
B8_mean,5,10556.5814777098,Remote Sensing,2016
B8A_mean,5,10333.9158150746,Remote Sensing,2016
B9_mean,5,10470.580778943,Remote Sensing,2016
B10_mean,5,10212.8797547452,Remote Sensing,2016
B11_mean,5,10172.5049996927,Remote Sensing,2016
B12_mean,5,10282.7323344482,Remote Sensing,2016
EVI,5,11097.0997861641,Remote Sensing,2016
GNDVI,5,10538.6198586338,Remote Sensing,2016
NDVI,5,10446.9157179308,Remote Sensing,2016
VarietyCRIMSON,6,11405.2099538671,Field data,2016
VarietyINIAGRAPEONE,6,10193.0628378225,Field data,2016
VarietySABLE,6,10189.7339804001,Field data,2016
VarietyTHOMPSON,6,10276.6582848669,Field data,2016
VarietyTIMCO,6,10168.2933840859,Field data,2016
FieldCRIMSON..99.00,6,10190.5161681022,Field data,2016
FieldCRIMSON.04,6,10189.7339804001,Field data,2016
FieldINIAGRAPE.ONE.14,6,10192.0067804478,Field data,2016
FieldINIAGRAPE.ONE.15,6,10189.7339804001,Field data,2016
FieldSABLE.14,6,10189.7339804001,Field data,2016
FieldSABLE.16,6,10189.7339804001,Field data,2016
FieldTHOMPSON.00,6,10197.7275948584,Field data,2016
FieldTHOMPSON.07,6,10189.1607353912,Field data,2016
FieldTHOMPSON.08,6,10189.7339804001,Field data,2016
FieldTHOMPSON.96,6,10190.0672764447,Field data,2016
FieldTIMCO.14.CR,6,10189.7339804001,Field data,2016
Area_He,6,10216.7601417656,Field data,2016
Average_Temp,6,10189.7339804001,Field data,2016
Max_Temp,6,10189.7339804001,Field data,2016
Min_Temp,6,10189.7339804001,Field data,2016
Average_Hum,6,10189.7339804001,Field data,2016
Average_Evapotranspiration,6,10189.7339804001,Field data,2016
Accumulated_degree_Days,6,10189.7339804001,Field data,2016
B1_mean,6,10262.0445365896,Remote Sensing,2016
B2_mean,6,10443.2757093265,Remote Sensing,2016
B3_mean,6,10311.1627075307,Remote Sensing,2016
B4_mean,6,10485.997342017,Remote Sensing,2016
B5_mean,6,10247.8265689244,Remote Sensing,2016
B6_mean,6,10346.7137475524,Remote Sensing,2016
B7_mean,6,10298.7118826925,Remote Sensing,2016
B8_mean,6,10551.2742778625,Remote Sensing,2016
B8A_mean,6,10256.0785132771,Remote Sensing,2016
B9_mean,6,10687.4311396385,Remote Sensing,2016
B10_mean,6,10190.8512600467,Remote Sensing,2016
B11_mean,6,10189.3549355723,Remote Sensing,2016
B12_mean,6,10281.3295117911,Remote Sensing,2016
EVI,6,10855.2374440376,Remote Sensing,2016
GNDVI,6,10575.869621639,Remote Sensing,2016
NDVI,6,10854.4591741298,Remote Sensing,2016
VarietyCRIMSON,7,11790.7747734062,Field data,2016
VarietyINIAGRAPEONE,7,10198.9496638946,Field data,2016
VarietySABLE,7,10295.9245880382,Field data,2016
VarietyTHOMPSON,7,10406.38250759,Field data,2016
VarietyTIMCO,7,10162.702518052,Field data,2016
FieldCRIMSON..99.00,7,10228.7064036322,Field data,2016
FieldCRIMSON.04,7,10210.5760484692,Field data,2016
FieldINIAGRAPE.ONE.14,7,10189.4132860074,Field data,2016
FieldINIAGRAPE.ONE.15,7,10189.7339804001,Field data,2016
FieldSABLE.14,7,10189.7339804001,Field data,2016
FieldSABLE.16,7,10189.7339804001,Field data,2016
FieldTHOMPSON.00,7,10197.6700592586,Field data,2016
FieldTHOMPSON.07,7,10189.1607353912,Field data,2016
FieldTHOMPSON.08,7,10189.7339804001,Field data,2016
FieldTHOMPSON.96,7,10187.8898625306,Field data,2016
FieldTIMCO.14.CR,7,10182.2613370485,Field data,2016
Area_He,7,10224.0620002134,Field data,2016
Average_Temp,7,10189.7339804001,Field data,2016
Max_Temp,7,10189.7339804001,Field data,2016
Min_Temp,7,10189.7339804001,Field data,2016
Average_Hum,7,10189.7339804001,Field data,2016
Average_Evapotranspiration,7,10189.7339804001,Field data,2016
Accumulated_degree_Days,7,10189.7339804001,Field data,2016
B1_mean,7,10323.5200337771,Remote Sensing,2016
B2_mean,7,10400.6973080303,Remote Sensing,2016
B3_mean,7,10283.9116318846,Remote Sensing,2016
B4_mean,7,10304.0882479963,Remote Sensing,2016
B5_mean,7,10197.5707054334,Remote Sensing,2016
B6_mean,7,10265.487036943,Remote Sensing,2016
B7_mean,7,10337.6210350204,Remote Sensing,2016
B8_mean,7,10517.9062688568,Remote Sensing,2016
B8A_mean,7,10244.1967888106,Remote Sensing,2016
B9_mean,7,10727.8939566453,Remote Sensing,2016
B10_mean,7,10200.1671503106,Remote Sensing,2016
B11_mean,7,10159.204019508,Remote Sensing,2016
B12_mean,7,10224.143630447,Remote Sensing,2016
EVI,7,10415.0898521434,Remote Sensing,2016
GNDVI,7,10533.1106457771,Remote Sensing,2016
NDVI,7,10973.9064361311,Remote Sensing,2016
VarietyCRIMSON,8,11933.8335817154,Field data,2016
VarietyINIAGRAPEONE,8,10185.9441455317,Field data,2016
VarietySABLE,8,10254.08313224,Field data,2016
VarietyTHOMPSON,8,10260.6992162944,Field data,2016
VarietyTIMCO,8,10162.702518052,Field data,2016
FieldCRIMSON..99.00,8,10189.7339804001,Field data,2016
FieldCRIMSON.04,8,10247.7424096871,Field data,2016
FieldINIAGRAPE.ONE.14,8,10190.0637577552,Field data,2016
FieldINIAGRAPE.ONE.15,8,10189.7339804001,Field data,2016
FieldSABLE.14,8,10189.7339804001,Field data,2016
FieldSABLE.16,8,10189.7339804001,Field data,2016
FieldTHOMPSON.00,8,10187.0283365164,Field data,2016
FieldTHOMPSON.07,8,10189.9701204519,Field data,2016
FieldTHOMPSON.08,8,10189.7339804001,Field data,2016
FieldTHOMPSON.96,8,10191.036005718,Field data,2016
FieldTIMCO.14.CR,8,10184.1116226724,Field data,2016
Area_He,8,10194.0414905792,Field data,2016
Average_Temp,8,10189.7339804001,Field data,2016
Max_Temp,8,10189.7339804001,Field data,2016
Min_Temp,8,10189.7339804001,Field data,2016
Average_Hum,8,10189.7339804001,Field data,2016
Average_Evapotranspiration,8,10189.7339804001,Field data,2016
Accumulated_degree_Days,8,10189.7339804001,Field data,2016
B1_mean,8,10342.3703549646,Remote Sensing,2016
B2_mean,8,10376.4493211177,Remote Sensing,2016
B3_mean,8,10307.8126870571,Remote Sensing,2016
B4_mean,8,10419.4722993161,Remote Sensing,2016
B5_mean,8,10222.8966168921,Remote Sensing,2016
B6_mean,8,10276.0648203923,Remote Sensing,2016
B7_mean,8,10283.2980819371,Remote Sensing,2016
B8_mean,8,10658.3424730591,Remote Sensing,2016
B8A_mean,8,10314.4855974924,Remote Sensing,2016
B9_mean,8,10570.8792166732,Remote Sensing,2016
B10_mean,8,10227.4582545157,Remote Sensing,2016
B11_mean,8,10130.2333270183,Remote Sensing,2016
B12_mean,8,10223.3190181213,Remote Sensing,2016
EVI,8,10635.1723772917,Remote Sensing,2016
GNDVI,8,10399.8907399734,Remote Sensing,2016
NDVI,8,10776.6691754834,Remote Sensing,2016
VarietyCRIMSON,9,11899.5010973329,Field data,2016
VarietyINIAGRAPEONE,9,10192.2576715494,Field data,2016
VarietySABLE,9,10276.5840652872,Field data,2016
VarietyTHOMPSON,9,10449.8895325975,Field data,2016
VarietyTIMCO,9,10151.0785889212,Field data,2016
FieldCRIMSON..99.00,9,10223.7568547901,Field data,2016
FieldCRIMSON.04,9,10225.7115448541,Field data,2016
FieldINIAGRAPE.ONE.14,9,10187.8073608763,Field data,2016
FieldINIAGRAPE.ONE.15,9,10189.7339804001,Field data,2016
FieldSABLE.14,9,10189.7339804001,Field data,2016
FieldSABLE.16,9,10189.7339804001,Field data,2016
FieldTHOMPSON.00,9,10189.7339804001,Field data,2016
FieldTHOMPSON.07,9,10188.0036093532,Field data,2016
FieldTHOMPSON.08,9,10189.7339804001,Field data,2016
FieldTHOMPSON.96,9,10191.036005718,Field data,2016
FieldTIMCO.14.CR,9,10179.2718855712,Field data,2016
Area_He,9,10208.8969995679,Field data,2016
Average_Temp,9,10189.7339804001,Field data,2016
Max_Temp,9,10189.7339804001,Field data,2016
Min_Temp,9,10189.7339804001,Field data,2016
Average_Hum,9,10189.7339804001,Field data,2016
Average_Evapotranspiration,9,10189.7339804001,Field data,2016
Accumulated_degree_Days,9,10189.7339804001,Field data,2016
B1_mean,9,10275.760564404,Remote Sensing,2016
B2_mean,9,10482.1863627568,Remote Sensing,2016
B3_mean,9,10291.4502718045,Remote Sensing,2016
B4_mean,9,10476.6770103132,Remote Sensing,2016
B5_mean,9,10268.6729139363,Remote Sensing,2016
B6_mean,9,10261.7184563203,Remote Sensing,2016
B7_mean,9,10336.1220295477,Remote Sensing,2016
B8_mean,9,10361.1847656556,Remote Sensing,2016
B8A_mean,9,10252.6138492961,Remote Sensing,2016
B9_mean,9,10521.2163162398,Remote Sensing,2016
B10_mean,9,10196.4610437545,Remote Sensing,2016
B11_mean,9,10162.2784543322,Remote Sensing,2016
B12_mean,9,10257.7301896955,Remote Sensing,2016
EVI,9,10583.8709887142,Remote Sensing,2016
GNDVI,9,10415.7242795845,Remote Sensing,2016
NDVI,9,10340.2075902313,Remote Sensing,2016
VarietyCRIMSON,10,11405.2099538671,Field data,2016
VarietyINIAGRAPEONE,10,10207.1986334336,Field data,2016
VarietySABLE,10,10259.643426634,Field data,2016
VarietyTHOMPSON,10,10314.1506795592,Field data,2016
VarietyTIMCO,10,10151.0785889212,Field data,2016
FieldCRIMSON..99.00,10,10229.3410097296,Field data,2016
FieldCRIMSON.04,10,10225.7115448541,Field data,2016
FieldINIAGRAPE.ONE.14,10,10189.7339804001,Field data,2016
FieldINIAGRAPE.ONE.15,10,10189.7339804001,Field data,2016
FieldSABLE.14,10,10189.7339804001,Field data,2016
FieldSABLE.16,10,10189.7339804001,Field data,2016
FieldTHOMPSON.00,10,10197.7275948584,Field data,2016
FieldTHOMPSON.07,10,10189.9701204519,Field data,2016
FieldTHOMPSON.08,10,10189.7339804001,Field data,2016
FieldTHOMPSON.96,10,10189.7339804001,Field data,2016
FieldTIMCO.14.CR,10,10177.3115715815,Field data,2016
Area_He,10,10222.2656552541,Field data,2016
Average_Temp,10,10189.7339804001,Field data,2016
Max_Temp,10,10189.7339804001,Field data,2016
Min_Temp,10,10189.7339804001,Field data,2016
Average_Hum,10,10189.7339804001,Field data,2016
Average_Evapotranspiration,10,10189.7339804001,Field data,2016
Accumulated_degree_Days,10,10189.7339804001,Field data,2016
B1_mean,10,10237.3039354698,Remote Sensing,2016
B2_mean,10,10276.8649419124,Remote Sensing,2016
B3_mean,10,10309.2080933064,Remote Sensing,2016
B4_mean,10,10370.8314023227,Remote Sensing,2016
B5_mean,10,10266.6487749952,Remote Sensing,2016
B6_mean,10,10318.7191512108,Remote Sensing,2016
B7_mean,10,10267.9762130775,Remote Sensing,2016
B8_mean,10,10685.0881710905,Remote Sensing,2016
B8A_mean,10,10236.2146052753,Remote Sensing,2016
B9_mean,10,10694.2477439716,Remote Sensing,2016
B10_mean,10,10154.2782911235,Remote Sensing,2016
B11_mean,10,10164.0550989724,Remote Sensing,2016
B12_mean,10,10285.0484600276,Remote Sensing,2016
EVI,10,10266.7962604567,Remote Sensing,2016
GNDVI,10,10763.5722562627,Remote Sensing,2016
NDVI,10,10723.7487919068,Remote Sensing,2016
VarietyCRIMSON,0,5780.38946331939,Field data,2017
B8_mean,0,5873.72681133073,Remote Sensing,2017
B9_mean,0,5876.95841911067,Remote Sensing,2017
EVI,0,5910.71608574635,Remote Sensing,2017
GNDVI,0,5928.036200033,Remote Sensing,2017
B1_mean,0,5945.72734117445,Remote Sensing,2017
B2_mean,0,5962.19868421839,Remote Sensing,2017
B8A_mean,0,5963.42776214996,Remote Sensing,2017
VarietyINIAGRAPEONE,0,5963.52527041788,Field data,2017
NDVI,0,5965.08371585811,Remote Sensing,2017
B7_mean,0,5973.13927884633,Remote Sensing,2017
B6_mean,0,5974.04517338194,Remote Sensing,2017
B4_mean,0,5975.54744296411,Remote Sensing,2017
FieldCRIMSON.04,0,5997.51866897776,Field data,2017
FieldINIAGRAPE.ONE.14,0,5998.21227400933,Field data,2017
FieldCRIMSON..99.00,0,6001.0311872455,Field data,2017
FieldINIAGRAPE.ONE.15,0,6004.69777267235,Field data,2017
FieldSABLE.14,0,6004.69777267235,Field data,2017
FieldSABLE.16,0,6004.69777267235,Field data,2017
FieldTHOMPSON.08,0,6004.69777267235,Field data,2017
Average_Temp,0,6004.69777267235,Field data,2017
Max_Temp,0,6004.69777267235,Field data,2017
Min_Temp,0,6004.69777267235,Field data,2017
Average_Hum,0,6004.69777267235,Field data,2017
Average_Evapotranspiration,0,6004.69777267235,Field data,2017
Accumulated_degree_Days,0,6004.69777267235,Field data,2017
Area_He,0,6004.73060289463,Field data,2017
FieldTHOMPSON.00,0,6004.81077526601,Field data,2017
FieldTIMCO.14.CR,0,6005.62192261288,Field data,2017
FieldTHOMPSON.07,0,6005.87156303909,Field data,2017
FieldTHOMPSON.96,0,6006.25013380536,Field data,2017
VarietyTIMCO,0,6012.97672806099,Field data,2017
B12_mean,0,6014.19547540758,Remote Sensing,2017
B3_mean,0,6029.4450434065,Remote Sensing,2017
B5_mean,0,6056.35117769574,Remote Sensing,2017
B11_mean,0,6060.27521735622,Remote Sensing,2017
VarietySABLE,0,6066.76640952226,Field data,2017
B10_mean,0,6110.6499291972,Remote Sensing,2017
VarietyTHOMPSON,0,6110.7052488109,Field data,2017
VarietyCRIMSON,1,6306.01167189925,Field data,2017
VarietyINIAGRAPEONE,1,5968.27830998346,Field data,2017
VarietySABLE,1,6074.17280173459,Field data,2017
VarietyTHOMPSON,1,6309.65998356772,Field data,2017
VarietyTIMCO,1,6020.61602069547,Field data,2017
FieldCRIMSON..99.00,1,5997.41491896803,Field data,2017
FieldCRIMSON.04,1,5983.21526552261,Field data,2017
FieldINIAGRAPE.ONE.14,1,5999.08297325835,Field data,2017
FieldINIAGRAPE.ONE.15,1,6004.69777267235,Field data,2017
FieldSABLE.14,1,6004.69777267235,Field data,2017
FieldSABLE.16,1,6004.69777267235,Field data,2017
FieldTHOMPSON.00,1,6005.20886522527,Field data,2017
FieldTHOMPSON.07,1,6009.59113000871,Field data,2017
FieldTHOMPSON.08,1,6004.69777267235,Field data,2017
FieldTHOMPSON.96,1,6003.9126597526,Field data,2017
FieldTIMCO.14.CR,1,6006.8978311198,Field data,2017
Area_He,1,6006.4705572129,Field data,2017
Average_Temp,1,6004.69777267235,Field data,2017
Max_Temp,1,6004.69777267235,Field data,2017
Min_Temp,1,6004.69777267235,Field data,2017
Average_Hum,1,6004.69777267235,Field data,2017
Average_Evapotranspiration,1,6004.69777267235,Field data,2017
Accumulated_degree_Days,1,6004.69777267235,Field data,2017
B1_mean,1,5958.04349712229,Remote Sensing,2017
B2_mean,1,5917.99617211389,Remote Sensing,2017
B3_mean,1,6060.69333441677,Remote Sensing,2017
B4_mean,1,5894.65585101037,Remote Sensing,2017
B5_mean,1,6035.9365462678,Remote Sensing,2017
B6_mean,1,5998.27412478411,Remote Sensing,2017
B7_mean,1,5956.5400082485,Remote Sensing,2017
B8_mean,1,5920.05023551831,Remote Sensing,2017
B8A_mean,1,5941.36218216846,Remote Sensing,2017
B9_mean,1,6001.1667317715,Remote Sensing,2017
B10_mean,1,6025.87464701325,Remote Sensing,2017
B11_mean,1,5979.93120741374,Remote Sensing,2017
B12_mean,1,6014.22548936029,Remote Sensing,2017
EVI,1,5942.29271537097,Remote Sensing,2017
GNDVI,1,5915.45514104779,Remote Sensing,2017
NDVI,1,5960.17641088546,Remote Sensing,2017
VarietyCRIMSON,2,6422.75361501516,Field data,2017
VarietyINIAGRAPEONE,2,5959.37544634846,Field data,2017
VarietySABLE,2,6100.61163863864,Field data,2017
VarietyTHOMPSON,2,6127.21960843391,Field data,2017
VarietyTIMCO,2,5979.1529083398,Field data,2017
FieldCRIMSON..99.00,2,5996.06490752477,Field data,2017
FieldCRIMSON.04,2,5988.16369718,Field data,2017
FieldINIAGRAPE.ONE.14,2,5998.37970437485,Field data,2017
FieldINIAGRAPE.ONE.15,2,6004.69777267235,Field data,2017
FieldSABLE.14,2,6004.69777267235,Field data,2017
FieldSABLE.16,2,6004.69777267235,Field data,2017
FieldTHOMPSON.00,2,6005.24761312986,Field data,2017
FieldTHOMPSON.07,2,6006.30428082868,Field data,2017
FieldTHOMPSON.08,2,6004.69777267235,Field data,2017
FieldTHOMPSON.96,2,6004.51652872008,Field data,2017
FieldTIMCO.14.CR,2,6000.35862174417,Field data,2017
Area_He,2,6018.0240258516,Field data,2017
Average_Temp,2,6004.69777267235,Field data,2017
Max_Temp,2,6004.69777267235,Field data,2017
Min_Temp,2,6004.69777267235,Field data,2017
Average_Hum,2,6004.69777267235,Field data,2017
Average_Evapotranspiration,2,6004.69777267235,Field data,2017
Accumulated_degree_Days,2,6004.69777267235,Field data,2017
B1_mean,2,5852.48997663536,Remote Sensing,2017
B2_mean,2,5931.80395953758,Remote Sensing,2017
B3_mean,2,6171.50756085604,Remote Sensing,2017
B4_mean,2,6114.52809117752,Remote Sensing,2017
B5_mean,2,6065.38044255227,Remote Sensing,2017
B6_mean,2,5982.78495008457,Remote Sensing,2017
B7_mean,2,5954.94218345366,Remote Sensing,2017
B8_mean,2,5850.89307595139,Remote Sensing,2017
B8A_mean,2,6008.86526240069,Remote Sensing,2017
B9_mean,2,5791.43832437574,Remote Sensing,2017
B10_mean,2,6120.47428893216,Remote Sensing,2017
B11_mean,2,6082.17790882119,Remote Sensing,2017
B12_mean,2,6034.82780874419,Remote Sensing,2017
EVI,2,5864.1473553986,Remote Sensing,2017
GNDVI,2,5883.22386328343,Remote Sensing,2017
NDVI,2,5874.35838394299,Remote Sensing,2017
VarietyCRIMSON,3,6223.89737862816,Field data,2017
VarietyINIAGRAPEONE,3,5963.28272200633,Field data,2017
VarietySABLE,3,6100.61163863864,Field data,2017
VarietyTHOMPSON,3,5920.91440310759,Field data,2017
VarietyTIMCO,3,6004.69777267235,Field data,2017
FieldCRIMSON..99.00,3,6020.58631195519,Field data,2017
FieldCRIMSON.04,3,5988.16369718,Field data,2017
FieldINIAGRAPE.ONE.14,3,5996.51172014647,Field data,2017
FieldINIAGRAPE.ONE.15,3,6004.69777267235,Field data,2017
FieldSABLE.14,3,6004.69777267235,Field data,2017
FieldSABLE.16,3,6004.69777267235,Field data,2017
FieldTHOMPSON.00,3,6002.62732715027,Field data,2017
FieldTHOMPSON.07,3,6006.83572094558,Field data,2017
FieldTHOMPSON.08,3,6004.69777267235,Field data,2017
FieldTHOMPSON.96,3,6004.51652872008,Field data,2017
FieldTIMCO.14.CR,3,6005.963410308,Field data,2017
Area_He,3,6012.41335764425,Field data,2017
Average_Temp,3,6004.69777267235,Field data,2017
Max_Temp,3,6004.69777267235,Field data,2017
Min_Temp,3,6004.69777267235,Field data,2017
Average_Hum,3,6004.69777267235,Field data,2017
Average_Evapotranspiration,3,6004.69777267235,Field data,2017
Accumulated_degree_Days,3,6004.69777267235,Field data,2017
B1_mean,3,5950.7616591634,Remote Sensing,2017
B2_mean,3,5922.24698579439,Remote Sensing,2017
B3_mean,3,5944.09151171118,Remote Sensing,2017
B4_mean,3,5916.82624967641,Remote Sensing,2017
B5_mean,3,5980.4932430121,Remote Sensing,2017
B6_mean,3,5974.03933962999,Remote Sensing,2017
B7_mean,3,5991.99123339421,Remote Sensing,2017
B8_mean,3,5889.36744699665,Remote Sensing,2017
B8A_mean,3,5966.45870033556,Remote Sensing,2017
B9_mean,3,5791.42750758604,Remote Sensing,2017
B10_mean,3,6150.52322902684,Remote Sensing,2017
B11_mean,3,6057.01830215096,Remote Sensing,2017
B12_mean,3,5998.48302029447,Remote Sensing,2017
EVI,3,5998.56189595188,Remote Sensing,2017
GNDVI,3,5957.36749402111,Remote Sensing,2017
NDVI,3,5981.03519845789,Remote Sensing,2017
VarietyCRIMSON,4,5760.46487068969,Field data,2017
VarietyINIAGRAPEONE,4,5968.27830998346,Field data,2017
VarietySABLE,4,6102.57994165167,Field data,2017
VarietyTHOMPSON,4,6111.12210597791,Field data,2017
VarietyTIMCO,4,6005.7674112518,Field data,2017
FieldCRIMSON..99.00,4,5991.701412818,Field data,2017
FieldCRIMSON.04,4,5988.16369718,Field data,2017
FieldINIAGRAPE.ONE.14,4,6004.69777267235,Field data,2017
FieldINIAGRAPE.ONE.15,4,6004.69777267235,Field data,2017
FieldSABLE.14,4,6004.69777267235,Field data,2017
FieldSABLE.16,4,6004.69777267235,Field data,2017
FieldTHOMPSON.00,4,6008.07683646095,Field data,2017
FieldTHOMPSON.07,4,6005.71640512821,Field data,2017
FieldTHOMPSON.08,4,6004.69777267235,Field data,2017
FieldTHOMPSON.96,4,6007.65824315659,Field data,2017
FieldTIMCO.14.CR,4,6009.18000434282,Field data,2017
Area_He,4,6011.54167627077,Field data,2017
Average_Temp,4,6004.69777267235,Field data,2017
Max_Temp,4,6004.69777267235,Field data,2017
Min_Temp,4,6004.69777267235,Field data,2017
Average_Hum,4,6004.69777267235,Field data,2017
Average_Evapotranspiration,4,6004.69777267235,Field data,2017
Accumulated_degree_Days,4,6004.69777267235,Field data,2017
B1_mean,4,5889.78223732894,Remote Sensing,2017
B2_mean,4,6014.3176976354,Remote Sensing,2017
B3_mean,4,5987.66674944207,Remote Sensing,2017
B4_mean,4,6144.49088088289,Remote Sensing,2017
B5_mean,4,6090.41557737588,Remote Sensing,2017
B6_mean,4,5986.9511300124,Remote Sensing,2017
B7_mean,4,5955.0470817798,Remote Sensing,2017
B8_mean,4,5918.39889712385,Remote Sensing,2017
B8A_mean,4,5959.71024675978,Remote Sensing,2017
B9_mean,4,5825.96483047382,Remote Sensing,2017
B10_mean,4,6099.53122932654,Remote Sensing,2017
B11_mean,4,6076.75183463627,Remote Sensing,2017
B12_mean,4,6005.496017851,Remote Sensing,2017
EVI,4,6007.64633077563,Remote Sensing,2017
GNDVI,4,5886.2062100362,Remote Sensing,2017
NDVI,4,5967.63979393554,Remote Sensing,2017
VarietyCRIMSON,5,5265.36287070694,Field data,2017
VarietyINIAGRAPEONE,5,5978.98635072582,Field data,2017
VarietySABLE,5,6074.17280173459,Field data,2017
VarietyTHOMPSON,5,6375.71602977075,Field data,2017
VarietyTIMCO,5,6026.00102034508,Field data,2017
FieldCRIMSON..99.00,5,5995.07195238773,Field data,2017
FieldCRIMSON.04,5,6012.37517319462,Field data,2017
FieldINIAGRAPE.ONE.14,5,5995.46078197128,Field data,2017
FieldINIAGRAPE.ONE.15,5,6004.69777267235,Field data,2017
FieldSABLE.14,5,6004.69777267235,Field data,2017
FieldSABLE.16,5,6004.69777267235,Field data,2017
FieldTHOMPSON.00,5,6004.399760646,Field data,2017
FieldTHOMPSON.07,5,6004.69777267235,Field data,2017
FieldTHOMPSON.08,5,6004.69777267235,Field data,2017
FieldTHOMPSON.96,5,6007.59201662579,Field data,2017
FieldTIMCO.14.CR,5,6006.8978311198,Field data,2017
Area_He,5,6010.29053315968,Field data,2017
Average_Temp,5,6004.69777267235,Field data,2017
Max_Temp,5,6004.69777267235,Field data,2017
Min_Temp,5,6004.69777267235,Field data,2017
Average_Hum,5,6004.69777267235,Field data,2017
Average_Evapotranspiration,5,6004.69777267235,Field data,2017
Accumulated_degree_Days,5,6004.69777267235,Field data,2017
B1_mean,5,5922.67988557766,Remote Sensing,2017
B2_mean,5,5925.76639275608,Remote Sensing,2017
B3_mean,5,6132.63944919155,Remote Sensing,2017
B4_mean,5,5898.84137095158,Remote Sensing,2017
B5_mean,5,6037.95882171269,Remote Sensing,2017
B6_mean,5,5969.68240909704,Remote Sensing,2017
B7_mean,5,5984.03865001899,Remote Sensing,2017
B8_mean,5,5865.60723038012,Remote Sensing,2017
B8A_mean,5,5967.90675881759,Remote Sensing,2017
B9_mean,5,5781.53232239225,Remote Sensing,2017
B10_mean,5,6071.17541489809,Remote Sensing,2017
B11_mean,5,6022.96390985778,Remote Sensing,2017
B12_mean,5,5975.98473077331,Remote Sensing,2017
EVI,5,6068.05508982212,Remote Sensing,2017
GNDVI,5,5898.34942295289,Remote Sensing,2017
NDVI,5,5971.44355102435,Remote Sensing,2017
VarietyCRIMSON,6,5591.46764063457,Field data,2017
VarietyINIAGRAPEONE,6,5959.46261304296,Field data,2017
VarietySABLE,6,6066.63869873436,Field data,2017
VarietyTHOMPSON,6,6218.30328648343,Field data,2017
VarietyTIMCO,6,6034.15778308186,Field data,2017
FieldCRIMSON..99.00,6,5995.07195238773,Field data,2017
FieldCRIMSON.04,6,6010.11917545846,Field data,2017
FieldINIAGRAPE.ONE.14,6,5998.37970437485,Field data,2017
FieldINIAGRAPE.ONE.15,6,6004.69777267235,Field data,2017
FieldSABLE.14,6,6004.69777267235,Field data,2017
FieldSABLE.16,6,6004.69777267235,Field data,2017
FieldTHOMPSON.00,6,6004.399760646,Field data,2017
FieldTHOMPSON.07,6,6005.71640512821,Field data,2017
FieldTHOMPSON.08,6,6004.69777267235,Field data,2017
FieldTHOMPSON.96,6,6007.59201662579,Field data,2017
FieldTIMCO.14.CR,6,6009.12604975995,Field data,2017
Area_He,6,6004.68495554067,Field data,2017
Average_Temp,6,6004.69777267235,Field data,2017
Max_Temp,6,6004.69777267235,Field data,2017
Min_Temp,6,6004.69777267235,Field data,2017
Average_Hum,6,6004.69777267235,Field data,2017
Average_Evapotranspiration,6,6004.69777267235,Field data,2017
Accumulated_degree_Days,6,6004.69777267235,Field data,2017
B1_mean,6,5986.32279265342,Remote Sensing,2017
B2_mean,6,5956.43623905294,Remote Sensing,2017
B3_mean,6,5978.10678969386,Remote Sensing,2017
B4_mean,6,5868.32626179393,Remote Sensing,2017
B5_mean,6,6078.12675898961,Remote Sensing,2017
B6_mean,6,5959.50605771851,Remote Sensing,2017
B7_mean,6,6008.27544199977,Remote Sensing,2017
B8_mean,6,5873.11365023112,Remote Sensing,2017
B8A_mean,6,5942.28162249512,Remote Sensing,2017
B9_mean,6,5965.91401303922,Remote Sensing,2017
B10_mean,6,6108.27291212806,Remote Sensing,2017
B11_mean,6,6034.89903526532,Remote Sensing,2017
B12_mean,6,6011.63776801218,Remote Sensing,2017
EVI,6,5772.43434202748,Remote Sensing,2017
GNDVI,6,5966.09527767429,Remote Sensing,2017
NDVI,6,5996.05286460636,Remote Sensing,2017
VarietyCRIMSON,7,5470.96843684551,Field data,2017
VarietyINIAGRAPEONE,7,5959.37544634846,Field data,2017
VarietySABLE,7,6029.52373118668,Field data,2017
VarietyTHOMPSON,7,6027.17492489726,Field data,2017
VarietyTIMCO,7,6004.92364946324,Field data,2017
FieldCRIMSON..99.00,7,6004.69777267235,Field data,2017
FieldCRIMSON.04,7,6004.69777267235,Field data,2017
FieldINIAGRAPE.ONE.14,7,5998.37970437485,Field data,2017
FieldINIAGRAPE.ONE.15,7,6004.69777267235,Field data,2017
FieldSABLE.14,7,6004.69777267235,Field data,2017
FieldSABLE.16,7,6004.69777267235,Field data,2017
FieldTHOMPSON.00,7,6005.18453078527,Field data,2017
FieldTHOMPSON.07,7,6005.15590929471,Field data,2017
FieldTHOMPSON.08,7,6004.69777267235,Field data,2017
FieldTHOMPSON.96,7,6007.55042491769,Field data,2017
FieldTIMCO.14.CR,7,6000.35862174417,Field data,2017
Area_He,7,5986.22024622794,Field data,2017
Average_Temp,7,6004.69777267235,Field data,2017
Max_Temp,7,6004.69777267235,Field data,2017
Min_Temp,7,6004.69777267235,Field data,2017
Average_Hum,7,6004.69777267235,Field data,2017
Average_Evapotranspiration,7,6004.69777267235,Field data,2017
Accumulated_degree_Days,7,6004.69777267235,Field data,2017
B1_mean,7,5907.60959860119,Remote Sensing,2017
B2_mean,7,6015.02010943734,Remote Sensing,2017
B3_mean,7,5965.95240234238,Remote Sensing,2017
B4_mean,7,5963.24584666687,Remote Sensing,2017
B5_mean,7,6121.4153053168,Remote Sensing,2017
B6_mean,7,5983.69338775084,Remote Sensing,2017
B7_mean,7,6001.74925056618,Remote Sensing,2017
B8_mean,7,5842.62209222878,Remote Sensing,2017
B8A_mean,7,5977.50646541251,Remote Sensing,2017
B9_mean,7,5901.5943644525,Remote Sensing,2017
B10_mean,7,6146.45232275194,Remote Sensing,2017
B11_mean,7,6093.8257954077,Remote Sensing,2017
B12_mean,7,6023.51003748881,Remote Sensing,2017
EVI,7,5958.05643154153,Remote Sensing,2017
GNDVI,7,5983.07400097968,Remote Sensing,2017
NDVI,7,6007.46731688733,Remote Sensing,2017
VarietyCRIMSON,8,5265.36287070694,Field data,2017
VarietyINIAGRAPEONE,8,5959.37544634846,Field data,2017
VarietySABLE,8,6004.69777267235,Field data,2017
VarietyTHOMPSON,8,5921.61861418973,Field data,2017
VarietyTIMCO,8,6028.19206287388,Field data,2017
FieldCRIMSON..99.00,8,5997.41491896803,Field data,2017
FieldCRIMSON.04,8,6004.69777267235,Field data,2017
FieldINIAGRAPE.ONE.14,8,5996.33895439894,Field data,2017
FieldINIAGRAPE.ONE.15,8,6004.69777267235,Field data,2017
FieldSABLE.14,8,6004.69777267235,Field data,2017
FieldSABLE.16,8,6004.69777267235,Field data,2017
FieldTHOMPSON.00,8,6004.69777267235,Field data,2017
FieldTHOMPSON.07,8,6004.69777267235,Field data,2017
FieldTHOMPSON.08,8,6004.69777267235,Field data,2017
FieldTHOMPSON.96,8,6007.65824315659,Field data,2017
FieldTIMCO.14.CR,8,6004.69777267235,Field data,2017
Area_He,8,5995.20573592345,Field data,2017
Average_Temp,8,6004.69777267235,Field data,2017
Max_Temp,8,6004.69777267235,Field data,2017
Min_Temp,8,6004.69777267235,Field data,2017
Average_Hum,8,6004.69777267235,Field data,2017
Average_Evapotranspiration,8,6004.69777267235,Field data,2017
Accumulated_degree_Days,8,6004.69777267235,Field data,2017
B1_mean,8,5941.7317644224,Remote Sensing,2017
B2_mean,8,6046.76368696404,Remote Sensing,2017
B3_mean,8,5995.19955052873,Remote Sensing,2017
B4_mean,8,5999.58545265348,Remote Sensing,2017
B5_mean,8,6105.73107981293,Remote Sensing,2017
B6_mean,8,5972.09217238539,Remote Sensing,2017
B7_mean,8,5958.59802040706,Remote Sensing,2017
B8_mean,8,5817.52133293955,Remote Sensing,2017
B8A_mean,8,5942.03180302008,Remote Sensing,2017
B9_mean,8,5945.01480121638,Remote Sensing,2017
B10_mean,8,6141.8677891844,Remote Sensing,2017
B11_mean,8,6109.24024266437,Remote Sensing,2017
B12_mean,8,6019.92098568871,Remote Sensing,2017
EVI,8,5837.22448114751,Remote Sensing,2017
GNDVI,8,5893.26809244351,Remote Sensing,2017
NDVI,8,6020.80385917593,Remote Sensing,2017
VarietyCRIMSON,9,5269.71758524037,Field data,2017
VarietyINIAGRAPEONE,9,5959.46261304296,Field data,2017
VarietySABLE,9,6040.48226849645,Field data,2017
VarietyTHOMPSON,9,6205.96901476385,Field data,2017
VarietyTIMCO,9,6013.12932594319,Field data,2017
FieldCRIMSON..99.00,9,6020.58631195519,Field data,2017
FieldCRIMSON.04,9,6012.37517319462,Field data,2017
FieldINIAGRAPE.ONE.14,9,5996.51172014647,Field data,2017
FieldINIAGRAPE.ONE.15,9,6004.69777267235,Field data,2017
FieldSABLE.14,9,6004.69777267235,Field data,2017
FieldSABLE.16,9,6004.69777267235,Field data,2017
FieldTHOMPSON.00,9,6003.05642071887,Field data,2017
FieldTHOMPSON.07,9,6004.28382858388,Field data,2017
FieldTHOMPSON.08,9,6004.69777267235,Field data,2017
FieldTHOMPSON.96,9,6003.9126597526,Field data,2017
FieldTIMCO.14.CR,9,6005.8412521979,Field data,2017
Area_He,9,6000.15220275003,Field data,2017
Average_Temp,9,6004.69777267235,Field data,2017
Max_Temp,9,6004.69777267235,Field data,2017
Min_Temp,9,6004.69777267235,Field data,2017
Average_Hum,9,6004.69777267235,Field data,2017
Average_Evapotranspiration,9,6004.69777267235,Field data,2017
Accumulated_degree_Days,9,6004.69777267235,Field data,2017
B1_mean,9,5993.44776369242,Remote Sensing,2017
B2_mean,9,5898.59351097964,Remote Sensing,2017
B3_mean,9,6005.67225913038,Remote Sensing,2017
B4_mean,9,6074.94142245972,Remote Sensing,2017
B5_mean,9,5964.54565602496,Remote Sensing,2017
B6_mean,9,5941.69206878828,Remote Sensing,2017
B7_mean,9,5965.4259032678,Remote Sensing,2017
B8_mean,9,5866.36924089619,Remote Sensing,2017
B8A_mean,9,5964.05104889741,Remote Sensing,2017
B9_mean,9,5835.94425644586,Remote Sensing,2017
B10_mean,9,6136.09040970623,Remote Sensing,2017
B11_mean,9,6067.14661419214,Remote Sensing,2017
B12_mean,9,6025.83514920396,Remote Sensing,2017
EVI,9,5992.45181991485,Remote Sensing,2017
GNDVI,9,6003.49552999309,Remote Sensing,2017
NDVI,9,5981.08815546442,Remote Sensing,2017
VarietyCRIMSON,10,6227.88769282736,Field data,2017
VarietyINIAGRAPEONE,10,5959.37544634846,Field data,2017
VarietySABLE,10,6074.17280173459,Field data,2017
VarietyTHOMPSON,10,5889.3545169169,Field data,2017
VarietyTIMCO,10,6013.12932594319,Field data,2017
FieldCRIMSON..99.00,10,5991.701412818,Field data,2017
FieldCRIMSON.04,10,5983.21526552261,Field data,2017
FieldINIAGRAPE.ONE.14,10,5998.37970437485,Field data,2017
FieldINIAGRAPE.ONE.15,10,6004.69777267235,Field data,2017
FieldSABLE.14,10,6004.69777267235,Field data,2017
FieldSABLE.16,10,6004.69777267235,Field data,2017
FieldTHOMPSON.00,10,6005.20886522527,Field data,2017
FieldTHOMPSON.07,10,6005.71640512821,Field data,2017
FieldTHOMPSON.08,10,6004.69777267235,Field data,2017
FieldTHOMPSON.96,10,6007.59201662579,Field data,2017
FieldTIMCO.14.CR,10,6006.8978311198,Field data,2017
Area_He,10,6002.30273836502,Field data,2017
Average_Temp,10,6004.69777267235,Field data,2017
Max_Temp,10,6004.69777267235,Field data,2017
Min_Temp,10,6004.69777267235,Field data,2017
Average_Hum,10,6004.69777267235,Field data,2017
Average_Evapotranspiration,10,6004.69777267235,Field data,2017
Accumulated_degree_Days,10,6004.69777267235,Field data,2017
B1_mean,10,6054.40423654743,Remote Sensing,2017
B2_mean,10,5993.04208791258,Remote Sensing,2017
B3_mean,10,6052.92082675205,Remote Sensing,2017
B4_mean,10,5880.03300236833,Remote Sensing,2017
B5_mean,10,6083.50834589235,Remote Sensing,2017
B6_mean,10,5971.73609356825,Remote Sensing,2017
B7_mean,10,5954.78501532737,Remote Sensing,2017
B8_mean,10,5893.32491104129,Remote Sensing,2017
B8A_mean,10,5964.10353119243,Remote Sensing,2017
B9_mean,10,5929.58703935335,Remote Sensing,2017
B10_mean,10,6106.23704900449,Remote Sensing,2017
B11_mean,10,6078.79732315276,Remote Sensing,2017
B12_mean,10,6032.03374665887,Remote Sensing,2017
EVI,10,5666.29039551288,Remote Sensing,2017
GNDVI,10,5893.82696789799,Remote Sensing,2017
NDVI,10,5890.77162420087,Remote Sensing,2017
VarietyINIAGRAPEONE,0,10289.4417633251,Field data,2018
FieldSABLE.14,0,10294.0698566427,Field data,2018
FieldTHOMPSON.08,0,10294.0698566427,Field data,2018
Average_Temp,0,10294.0698566427,Field data,2018
Max_Temp,0,10294.0698566427,Field data,2018
Min_Temp,0,10294.0698566427,Field data,2018
Average_Hum,0,10294.0698566427,Field data,2018
Average_Evapotranspiration,0,10294.0698566427,Field data,2018
Accumulated_degree_Days,0,10294.0698566427,Field data,2018
FieldINIAGRAPE.ONE.15,0,10294.1544163423,Field data,2018
FieldINIAGRAPE.ONE.14,0,10294.6038004215,Field data,2018
FieldTHOMPSON.96,0,10294.9031948301,Field data,2018
FieldTHOMPSON.07,0,10295.2127987294,Field data,2018
FieldTHOMPSON.00,0,10295.7766068307,Field data,2018
FieldTIMCO.14.CR,0,10298.6590502845,Field data,2018
B10_mean,0,10299.116864748,Remote Sensing,2018
B6_mean,0,10300.2137772414,Remote Sensing,2018
Area_He,0,10301.7009737094,Field data,2018
B11_mean,0,10303.1691624528,Remote Sensing,2018
B7_mean,0,10303.2170135181,Remote Sensing,2018
FieldSABLE.16,0,10304.0949210071,Field data,2018
FieldCRIMSON..99.00,0,10304.8178783919,Field data,2018
B8A_mean,0,10313.9121564206,Remote Sensing,2018
VarietyTIMCO,0,10315.6214109143,Field data,2018
FieldCRIMSON.04,0,10320.524207157,Field data,2018
B8_mean,0,10339.8645291164,Remote Sensing,2018
B12_mean,0,10352.7493479812,Remote Sensing,2018
B9_mean,0,10352.8005281873,Remote Sensing,2018
B5_mean,0,10405.5315719059,Remote Sensing,2018
VarietySABLE,0,10406.9186362414,Field data,2018
EVI,0,10471.0950075511,Remote Sensing,2018
B1_mean,0,10477.9977759239,Remote Sensing,2018
B3_mean,0,10503.1514903867,Remote Sensing,2018
VarietyTHOMPSON,0,10617.5631720556,Field data,2018
B2_mean,0,10630.0849477467,Remote Sensing,2018
B4_mean,0,10720.3389647833,Remote Sensing,2018
NDVI,0,10805.5723969902,Remote Sensing,2018
VarietyCRIMSON,0,10806.1707182193,Field data,2018
GNDVI,0,11239.7705765493,Remote Sensing,2018
VarietyCRIMSON,1,11156.7594920823,Field data,2018
VarietyINIAGRAPEONE,1,10294.0698566427,Field data,2018
VarietySABLE,1,10437.9947931253,Field data,2018
VarietyTHOMPSON,1,10587.536398799,Field data,2018
VarietyTIMCO,1,10316.5313744161,Field data,2018
FieldCRIMSON..99.00,1,10283.8337734178,Field data,2018
FieldCRIMSON.04,1,10300.9153043908,Field data,2018
FieldINIAGRAPE.ONE.14,1,10295.418433631,Field data,2018
FieldINIAGRAPE.ONE.15,1,10295.7526409591,Field data,2018
FieldSABLE.14,1,10294.0698566427,Field data,2018
FieldSABLE.16,1,10302.6222528134,Field data,2018
FieldTHOMPSON.00,1,10297.1528612739,Field data,2018
FieldTHOMPSON.07,1,10297.0160098607,Field data,2018
FieldTHOMPSON.08,1,10294.0698566427,Field data,2018
FieldTHOMPSON.96,1,10296.4438727616,Field data,2018
FieldTIMCO.14.CR,1,10301.4300595385,Field data,2018
Area_He,1,10309.662997837,Field data,2018
Average_Temp,1,10294.0698566427,Field data,2018
Max_Temp,1,10294.0698566427,Field data,2018
Min_Temp,1,10294.0698566427,Field data,2018
Average_Hum,1,10294.0698566427,Field data,2018
Average_Evapotranspiration,1,10294.0698566427,Field data,2018
Accumulated_degree_Days,1,10294.0698566427,Field data,2018
B1_mean,1,10533.9435604594,Remote Sensing,2018
B2_mean,1,10648.7401416945,Remote Sensing,2018
B3_mean,1,10468.3985231688,Remote Sensing,2018
B4_mean,1,10683.9838454314,Remote Sensing,2018
B5_mean,1,10397.8211380734,Remote Sensing,2018
B6_mean,1,10311.282959161,Remote Sensing,2018
B7_mean,1,10315.7792449853,Remote Sensing,2018
B8_mean,1,10215.3188347048,Remote Sensing,2018
B8A_mean,1,10373.3637479682,Remote Sensing,2018
B9_mean,1,10306.9695168083,Remote Sensing,2018
B10_mean,1,10298.9977693739,Remote Sensing,2018
B11_mean,1,10290.4495271326,Remote Sensing,2018
B12_mean,1,10375.262798027,Remote Sensing,2018
EVI,1,10496.897726262,Remote Sensing,2018
GNDVI,1,11215.6931896547,Remote Sensing,2018
NDVI,1,10915.7931662099,Remote Sensing,2018
VarietyCRIMSON,2,11154.5466377885,Field data,2018
VarietyINIAGRAPEONE,2,10285.7004598856,Field data,2018
VarietySABLE,2,10420.1099895977,Field data,2018
VarietyTHOMPSON,2,10569.3648079228,Field data,2018
VarietyTIMCO,2,10295.0264867351,Field data,2018
FieldCRIMSON..99.00,2,10293.3983433171,Field data,2018
FieldCRIMSON.04,2,10297.9146282471,Field data,2018
FieldINIAGRAPE.ONE.14,2,10295.418433631,Field data,2018
FieldINIAGRAPE.ONE.15,2,10294.0698566427,Field data,2018
FieldSABLE.14,2,10294.0698566427,Field data,2018
FieldSABLE.16,2,10308.8022992141,Field data,2018
FieldTHOMPSON.00,2,10296.8754372642,Field data,2018
FieldTHOMPSON.07,2,10295.0725322198,Field data,2018
FieldTHOMPSON.08,2,10294.0698566427,Field data,2018
FieldTHOMPSON.96,2,10294.0597806597,Field data,2018
FieldTIMCO.14.CR,2,10294.0698566427,Field data,2018
Area_He,2,10290.2069513324,Field data,2018
Average_Temp,2,10294.0698566427,Field data,2018
Max_Temp,2,10294.0698566427,Field data,2018
Min_Temp,2,10294.0698566427,Field data,2018
Average_Hum,2,10294.0698566427,Field data,2018
Average_Evapotranspiration,2,10294.0698566427,Field data,2018
Accumulated_degree_Days,2,10294.0698566427,Field data,2018
B1_mean,2,10339.7256523608,Remote Sensing,2018
B2_mean,2,10703.534039548,Remote Sensing,2018
B3_mean,2,10521.4982599823,Remote Sensing,2018
B4_mean,2,10857.0147409328,Remote Sensing,2018
B5_mean,2,10438.6281050088,Remote Sensing,2018
B6_mean,2,10298.0812510219,Remote Sensing,2018
B7_mean,2,10280.8432947463,Remote Sensing,2018
B8_mean,2,10382.3964271781,Remote Sensing,2018
B8A_mean,2,10271.4581773985,Remote Sensing,2018
B9_mean,2,10407.5348080165,Remote Sensing,2018
B10_mean,2,10301.2283179391,Remote Sensing,2018
B11_mean,2,10278.7281189494,Remote Sensing,2018
B12_mean,2,10354.9848568962,Remote Sensing,2018
EVI,2,10399.9417619862,Remote Sensing,2018
GNDVI,2,11344.6180290957,Remote Sensing,2018
NDVI,2,11149.4761300479,Remote Sensing,2018
VarietyCRIMSON,3,10521.781410176,Field data,2018
VarietyINIAGRAPEONE,3,10283.3362524725,Field data,2018
VarietySABLE,3,10514.1224917657,Field data,2018
VarietyTHOMPSON,3,10591.4770401107,Field data,2018
VarietyTIMCO,3,10322.9078418729,Field data,2018
FieldCRIMSON..99.00,3,10290.2169471863,Field data,2018
FieldCRIMSON.04,3,10380.8411187016,Field data,2018
FieldINIAGRAPE.ONE.14,3,10296.1183572721,Field data,2018
FieldINIAGRAPE.ONE.15,3,10294.1508617121,Field data,2018
FieldSABLE.14,3,10294.0698566427,Field data,2018
FieldSABLE.16,3,10302.1549377292,Field data,2018
FieldTHOMPSON.00,3,10293.8886025766,Field data,2018
FieldTHOMPSON.07,3,10294.17801876,Field data,2018
FieldTHOMPSON.08,3,10294.0698566427,Field data,2018
FieldTHOMPSON.96,3,10295.5297628272,Field data,2018
FieldTIMCO.14.CR,3,10293.0722634625,Field data,2018
Area_He,3,10321.0678635352,Field data,2018
Average_Temp,3,10294.0698566427,Field data,2018
Max_Temp,3,10294.0698566427,Field data,2018
Min_Temp,3,10294.0698566427,Field data,2018
Average_Hum,3,10294.0698566427,Field data,2018
Average_Evapotranspiration,3,10294.0698566427,Field data,2018
Accumulated_degree_Days,3,10294.0698566427,Field data,2018
B1_mean,3,10554.9681430068,Remote Sensing,2018
B2_mean,3,10516.3274596229,Remote Sensing,2018
B3_mean,3,10419.1931578291,Remote Sensing,2018
B4_mean,3,10720.3595885387,Remote Sensing,2018
B5_mean,3,10395.1292804563,Remote Sensing,2018
B6_mean,3,10302.088739167,Remote Sensing,2018
B7_mean,3,10313.1395509612,Remote Sensing,2018
B8_mean,3,10392.3333005998,Remote Sensing,2018
B8A_mean,3,10321.4416400337,Remote Sensing,2018
B9_mean,3,10509.3131038414,Remote Sensing,2018
B10_mean,3,10296.9001582474,Remote Sensing,2018
B11_mean,3,10289.9336600057,Remote Sensing,2018
B12_mean,3,10348.6999768624,Remote Sensing,2018
EVI,3,10286.7678598369,Remote Sensing,2018
GNDVI,3,11718.367625316,Remote Sensing,2018
NDVI,3,10755.9308327344,Remote Sensing,2018
VarietyCRIMSON,4,10797.7256172656,Field data,2018
VarietyINIAGRAPEONE,4,10286.3127310573,Field data,2018
VarietySABLE,4,10379.5580239477,Field data,2018
VarietyTHOMPSON,4,10625.3100565074,Field data,2018
VarietyTIMCO,4,10347.5913304881,Field data,2018
FieldCRIMSON..99.00,4,10323.4609384956,Field data,2018
FieldCRIMSON.04,4,10326.3726083962,Field data,2018
FieldINIAGRAPE.ONE.14,4,10295.418433631,Field data,2018
FieldINIAGRAPE.ONE.15,4,10294.0698566427,Field data,2018
FieldSABLE.14,4,10294.0698566427,Field data,2018
FieldSABLE.16,4,10306.3993018598,Field data,2018
FieldTHOMPSON.00,4,10297.3205134954,Field data,2018
FieldTHOMPSON.07,4,10295.0725322198,Field data,2018
FieldTHOMPSON.08,4,10294.0698566427,Field data,2018
FieldTHOMPSON.96,4,10297.2659531738,Field data,2018
FieldTIMCO.14.CR,4,10295.5285843225,Field data,2018
Area_He,4,10303.5669999879,Field data,2018
Average_Temp,4,10294.0698566427,Field data,2018
Max_Temp,4,10294.0698566427,Field data,2018
Min_Temp,4,10294.0698566427,Field data,2018
Average_Hum,4,10294.0698566427,Field data,2018
Average_Evapotranspiration,4,10294.0698566427,Field data,2018
Accumulated_degree_Days,4,10294.0698566427,Field data,2018
B1_mean,4,10487.760070035,Remote Sensing,2018
B2_mean,4,10508.795774347,Remote Sensing,2018
B3_mean,4,10680.5118678839,Remote Sensing,2018
B4_mean,4,10751.2398456294,Remote Sensing,2018
B5_mean,4,10375.1897916316,Remote Sensing,2018
B6_mean,4,10319.4823020419,Remote Sensing,2018
B7_mean,4,10326.9976340681,Remote Sensing,2018
B8_mean,4,10269.1748308169,Remote Sensing,2018
B8A_mean,4,10270.7854032102,Remote Sensing,2018
B9_mean,4,10394.0806112038,Remote Sensing,2018
B10_mean,4,10298.4900045309,Remote Sensing,2018
B11_mean,4,10300.3446006919,Remote Sensing,2018
B12_mean,4,10361.4809713976,Remote Sensing,2018
EVI,4,10403.5624148356,Remote Sensing,2018
GNDVI,4,11579.3662258288,Remote Sensing,2018
NDVI,4,10679.7754887859,Remote Sensing,2018
VarietyCRIMSON,5,10847.0153736748,Field data,2018
VarietyINIAGRAPEONE,5,10297.0432325565,Field data,2018
VarietySABLE,5,10487.8981661828,Field data,2018
VarietyTHOMPSON,5,10576.954868822,Field data,2018
VarietyTIMCO,5,10300.2651890081,Field data,2018
FieldCRIMSON..99.00,5,10302.6009366165,Field data,2018
FieldCRIMSON.04,5,10300.9153043908,Field data,2018
FieldINIAGRAPE.ONE.14,5,10292.7629966068,Field data,2018
FieldINIAGRAPE.ONE.15,5,10291.9709454236,Field data,2018
FieldSABLE.14,5,10294.0698566427,Field data,2018
FieldSABLE.16,5,10302.0109722466,Field data,2018
FieldTHOMPSON.00,5,10295.1634011251,Field data,2018
FieldTHOMPSON.07,5,10294.0698566427,Field data,2018
FieldTHOMPSON.08,5,10294.0698566427,Field data,2018
FieldTHOMPSON.96,5,10294.101196738,Field data,2018
FieldTIMCO.14.CR,5,10301.4300595385,Field data,2018
Area_He,5,10290.6428835292,Field data,2018
Average_Temp,5,10294.0698566427,Field data,2018
Max_Temp,5,10294.0698566427,Field data,2018
Min_Temp,5,10294.0698566427,Field data,2018
Average_Hum,5,10294.0698566427,Field data,2018
Average_Evapotranspiration,5,10294.0698566427,Field data,2018
Accumulated_degree_Days,5,10294.0698566427,Field data,2018
B1_mean,5,10515.2660733739,Remote Sensing,2018
B2_mean,5,10696.9274469994,Remote Sensing,2018
B3_mean,5,10593.2666935597,Remote Sensing,2018
B4_mean,5,10568.4754782821,Remote Sensing,2018
B5_mean,5,10361.6050402275,Remote Sensing,2018
B6_mean,5,10280.9519634721,Remote Sensing,2018
B7_mean,5,10271.7135578724,Remote Sensing,2018
B8_mean,5,10340.2746858604,Remote Sensing,2018
B8A_mean,5,10372.2903450512,Remote Sensing,2018
B9_mean,5,10292.9834728735,Remote Sensing,2018
B10_mean,5,10302.4096337782,Remote Sensing,2018
B11_mean,5,10328.4471546408,Remote Sensing,2018
B12_mean,5,10357.9824918036,Remote Sensing,2018
EVI,5,10543.9589032426,Remote Sensing,2018
GNDVI,5,11253.6520374291,Remote Sensing,2018
NDVI,5,11149.4529663056,Remote Sensing,2018
VarietyCRIMSON,6,10684.814692906,Field data,2018
VarietyINIAGRAPEONE,6,10290.4105983932,Field data,2018
VarietySABLE,6,10422.6970025995,Field data,2018
VarietyTHOMPSON,6,10676.0663181391,Field data,2018
VarietyTIMCO,6,10290.4155420148,Field data,2018
FieldCRIMSON..99.00,6,10311.0751746355,Field data,2018
FieldCRIMSON.04,6,10326.3726083962,Field data,2018
FieldINIAGRAPE.ONE.14,6,10293.2488478102,Field data,2018
FieldINIAGRAPE.ONE.15,6,10295.7526409591,Field data,2018
FieldSABLE.14,6,10294.0698566427,Field data,2018
FieldSABLE.16,6,10306.163429235,Field data,2018
FieldTHOMPSON.00,6,10294.784328391,Field data,2018
FieldTHOMPSON.07,6,10294.17801876,Field data,2018
FieldTHOMPSON.08,6,10294.0698566427,Field data,2018
FieldTHOMPSON.96,6,10293.8379882929,Field data,2018
FieldTIMCO.14.CR,6,10297.025156526,Field data,2018
Area_He,6,10302.9492945448,Field data,2018
Average_Temp,6,10294.0698566427,Field data,2018
Max_Temp,6,10294.0698566427,Field data,2018
Min_Temp,6,10294.0698566427,Field data,2018
Average_Hum,6,10294.0698566427,Field data,2018
Average_Evapotranspiration,6,10294.0698566427,Field data,2018
Accumulated_degree_Days,6,10294.0698566427,Field data,2018
B1_mean,6,10401.8631563275,Remote Sensing,2018
B2_mean,6,10579.6679936503,Remote Sensing,2018
B3_mean,6,10511.8647224869,Remote Sensing,2018
B4_mean,6,10939.1670115506,Remote Sensing,2018
B5_mean,6,10390.6543250848,Remote Sensing,2018
B6_mean,6,10299.546729522,Remote Sensing,2018
B7_mean,6,10290.2471549106,Remote Sensing,2018
B8_mean,6,10383.0108522905,Remote Sensing,2018
B8A_mean,6,10351.5280314954,Remote Sensing,2018
B9_mean,6,10452.1241974357,Remote Sensing,2018
B10_mean,6,10296.9001582474,Remote Sensing,2018
B11_mean,6,10296.6395230428,Remote Sensing,2018
B12_mean,6,10353.0783350451,Remote Sensing,2018
EVI,6,10610.3431940469,Remote Sensing,2018
GNDVI,6,10830.0445076334,Remote Sensing,2018
NDVI,6,10640.0680047521,Remote Sensing,2018
VarietyCRIMSON,7,10827.112366477,Field data,2018
VarietyINIAGRAPEONE,7,10298.4879096787,Field data,2018
VarietySABLE,7,10284.808817014,Field data,2018
VarietyTHOMPSON,7,10764.4780066687,Field data,2018
VarietyTIMCO,7,10321.3536623433,Field data,2018
FieldCRIMSON..99.00,7,10323.4609384956,Field data,2018
FieldCRIMSON.04,7,10325.0954256123,Field data,2018
FieldINIAGRAPE.ONE.14,7,10295.418433631,Field data,2018
FieldINIAGRAPE.ONE.15,7,10294.0698566427,Field data,2018
FieldSABLE.14,7,10294.0698566427,Field data,2018
FieldSABLE.16,7,10306.163429235,Field data,2018
FieldTHOMPSON.00,7,10297.3205134954,Field data,2018
FieldTHOMPSON.07,7,10295.0725322198,Field data,2018
FieldTHOMPSON.08,7,10294.0698566427,Field data,2018
FieldTHOMPSON.96,7,10295.5297628272,Field data,2018
FieldTIMCO.14.CR,7,10299.9881688122,Field data,2018
Area_He,7,10290.5955874572,Field data,2018
Average_Temp,7,10294.0698566427,Field data,2018
Max_Temp,7,10294.0698566427,Field data,2018
Min_Temp,7,10294.0698566427,Field data,2018
Average_Hum,7,10294.0698566427,Field data,2018
Average_Evapotranspiration,7,10294.0698566427,Field data,2018
Accumulated_degree_Days,7,10294.0698566427,Field data,2018
B1_mean,7,10458.3294307743,Remote Sensing,2018
B2_mean,7,10944.4381821395,Remote Sensing,2018
B3_mean,7,10402.1055944572,Remote Sensing,2018
B4_mean,7,10522.7490766563,Remote Sensing,2018
B5_mean,7,10456.7481770455,Remote Sensing,2018
B6_mean,7,10298.4470910748,Remote Sensing,2018
B7_mean,7,10330.5125357183,Remote Sensing,2018
B8_mean,7,10337.5489483437,Remote Sensing,2018
B8A_mean,7,10263.2447758529,Remote Sensing,2018
B9_mean,7,10207.9082658759,Remote Sensing,2018
B10_mean,7,10299.9703542429,Remote Sensing,2018
B11_mean,7,10330.4423212428,Remote Sensing,2018
B12_mean,7,10332.0225989877,Remote Sensing,2018
EVI,7,10401.6904914362,Remote Sensing,2018
GNDVI,7,11428.2107867868,Remote Sensing,2018
NDVI,7,10463.3968389615,Remote Sensing,2018
VarietyCRIMSON,8,10878.8701848433,Field data,2018
VarietyINIAGRAPEONE,8,10265.5291113821,Field data,2018
VarietySABLE,8,10472.1851607831,Field data,2018
VarietyTHOMPSON,8,10657.3130057648,Field data,2018
VarietyTIMCO,8,10322.9078418729,Field data,2018
FieldCRIMSON..99.00,8,10302.6009366165,Field data,2018
FieldCRIMSON.04,8,10294.0698566427,Field data,2018
FieldINIAGRAPE.ONE.14,8,10294.0698566427,Field data,2018
FieldINIAGRAPE.ONE.15,8,10293.9142720647,Field data,2018
FieldSABLE.14,8,10294.0698566427,Field data,2018
FieldSABLE.16,8,10294.0698566427,Field data,2018
FieldTHOMPSON.00,8,10295.6509777959,Field data,2018
FieldTHOMPSON.07,8,10294.5216218892,Field data,2018
FieldTHOMPSON.08,8,10294.0698566427,Field data,2018
FieldTHOMPSON.96,8,10294.0597806597,Field data,2018
FieldTIMCO.14.CR,8,10308.8859982306,Field data,2018
Area_He,8,10299.4388933614,Field data,2018
Average_Temp,8,10294.0698566427,Field data,2018
Max_Temp,8,10294.0698566427,Field data,2018
Min_Temp,8,10294.0698566427,Field data,2018
Average_Hum,8,10294.0698566427,Field data,2018
Average_Evapotranspiration,8,10294.0698566427,Field data,2018
Accumulated_degree_Days,8,10294.0698566427,Field data,2018
B1_mean,8,10385.2045841552,Remote Sensing,2018
B2_mean,8,10555.8262563733,Remote Sensing,2018
B3_mean,8,10498.6483111725,Remote Sensing,2018
B4_mean,8,10583.6119513935,Remote Sensing,2018
B5_mean,8,10421.4987806411,Remote Sensing,2018
B6_mean,8,10279.8189083708,Remote Sensing,2018
B7_mean,8,10266.9079408844,Remote Sensing,2018
B8_mean,8,10416.8043172674,Remote Sensing,2018
B8A_mean,8,10288.6032761549,Remote Sensing,2018
B9_mean,8,10387.9204450304,Remote Sensing,2018
B10_mean,8,10297.862633975,Remote Sensing,2018
B11_mean,8,10300.3627314976,Remote Sensing,2018
B12_mean,8,10324.7100256394,Remote Sensing,2018
EVI,8,10445.7814177356,Remote Sensing,2018
GNDVI,8,10880.1028715763,Remote Sensing,2018
NDVI,8,10802.1847703329,Remote Sensing,2018
VarietyCRIMSON,9,10616.369606722,Field data,2018
VarietyINIAGRAPEONE,9,10297.0432325565,Field data,2018
VarietySABLE,9,10278.5578618853,Field data,2018
VarietyTHOMPSON,9,10764.6226930494,Field data,2018
VarietyTIMCO,9,10322.9078418729,Field data,2018
FieldCRIMSON..99.00,9,10294.0698566427,Field data,2018
FieldCRIMSON.04,9,10326.3726083962,Field data,2018
FieldINIAGRAPE.ONE.14,9,10294.9153635487,Field data,2018
FieldINIAGRAPE.ONE.15,9,10294.1508617121,Field data,2018
FieldSABLE.14,9,10294.0698566427,Field data,2018
FieldSABLE.16,9,10306.163429235,Field data,2018
FieldTHOMPSON.00,9,10294.8251044981,Field data,2018
FieldTHOMPSON.07,9,10297.0160098607,Field data,2018
FieldTHOMPSON.08,9,10294.0698566427,Field data,2018
FieldTHOMPSON.96,9,10294.101196738,Field data,2018
FieldTIMCO.14.CR,9,10301.0904991287,Field data,2018
Area_He,9,10296.0308604031,Field data,2018
Average_Temp,9,10294.0698566427,Field data,2018
Max_Temp,9,10294.0698566427,Field data,2018
Min_Temp,9,10294.0698566427,Field data,2018
Average_Hum,9,10294.0698566427,Field data,2018
Average_Evapotranspiration,9,10294.0698566427,Field data,2018
Accumulated_degree_Days,9,10294.0698566427,Field data,2018
B1_mean,9,10529.2815802765,Remote Sensing,2018
B2_mean,9,10653.2585499711,Remote Sensing,2018
B3_mean,9,10397.8896235185,Remote Sensing,2018
B4_mean,9,10681.0069608703,Remote Sensing,2018
B5_mean,9,10410.4525143039,Remote Sensing,2018
B6_mean,9,10294.8658286796,Remote Sensing,2018
B7_mean,9,10334.7726726477,Remote Sensing,2018
B8_mean,9,10228.2835374927,Remote Sensing,2018
B8A_mean,9,10317.7007247877,Remote Sensing,2018
B9_mean,9,10198.2849315208,Remote Sensing,2018
B10_mean,9,10300.2373094947,Remote Sensing,2018
B11_mean,9,10309.0539104876,Remote Sensing,2018
B12_mean,9,10370.9080709055,Remote Sensing,2018
EVI,9,10530.893417703,Remote Sensing,2018
GNDVI,9,11180.8353825571,Remote Sensing,2018
NDVI,9,10851.0094517485,Remote Sensing,2018
VarietyCRIMSON,10,10576.7118002575,Field data,2018
VarietyINIAGRAPEONE,10,10296.4842486259,Field data,2018
VarietySABLE,10,10371.2540555124,Field data,2018
VarietyTHOMPSON,10,10362.5085247721,Field data,2018
VarietyTIMCO,10,10316.3069985192,Field data,2018
FieldCRIMSON..99.00,10,10323.4609384956,Field data,2018
FieldCRIMSON.04,10,10326.3726083962,Field data,2018
FieldINIAGRAPE.ONE.14,10,10293.2488478102,Field data,2018
FieldINIAGRAPE.ONE.15,10,10293.6423706646,Field data,2018
FieldSABLE.14,10,10294.0698566427,Field data,2018
FieldSABLE.16,10,10306.3993018598,Field data,2018
FieldTHOMPSON.00,10,10294.784328391,Field data,2018
FieldTHOMPSON.07,10,10295.9308548614,Field data,2018
FieldTHOMPSON.08,10,10294.0698566427,Field data,2018
FieldTHOMPSON.96,10,10294.1026536228,Field data,2018
FieldTIMCO.14.CR,10,10294.0698566427,Field data,2018
Area_He,10,10312.8474051058,Field data,2018
Average_Temp,10,10294.0698566427,Field data,2018
Max_Temp,10,10294.0698566427,Field data,2018
Min_Temp,10,10294.0698566427,Field data,2018
Average_Hum,10,10294.0698566427,Field data,2018
Average_Evapotranspiration,10,10294.0698566427,Field data,2018
Accumulated_degree_Days,10,10294.0698566427,Field data,2018
B1_mean,10,10573.6355084701,Remote Sensing,2018
B2_mean,10,10493.3336331217,Remote Sensing,2018
B3_mean,10,10538.1381498078,Remote Sensing,2018
B4_mean,10,10895.7811485474,Remote Sensing,2018
B5_mean,10,10407.5885665864,Remote Sensing,2018
B6_mean,10,10317.5719999031,Remote Sensing,2018
B7_mean,10,10301.2565483866,Remote Sensing,2018
B8_mean,10,10433.4995566101,Remote Sensing,2018
B8A_mean,10,10308.7054422531,Remote Sensing,2018
B9_mean,10,10370.8859292671,Remote Sensing,2018
B10_mean,10,10298.17230765,Remote Sensing,2018
B11_mean,10,10307.2900768367,Remote Sensing,2018
B12_mean,10,10348.3633542472,Remote Sensing,2018
EVI,10,10591.112888426,Remote Sensing,2018
GNDVI,10,10966.8151096146,Remote Sensing,2018
NDVI,10,10648.6363200234,Remote Sensing,2018
B3_mean,0,11697.6075975406,Remote Sensing,2019
GNDVI,0,11711.488485369,Remote Sensing,2019
B2_mean,0,11717.4160196497,Remote Sensing,2019
VarietySABLE,0,11764.0508912835,Field data,2019
B1_mean,0,11778.4587727108,Remote Sensing,2019
FieldTHOMPSON.96,0,11780.257057552,Field data,2019
FieldTHOMPSON.07,0,11780.3048933396,Field data,2019
FieldSABLE.14,0,11780.3265002999,Field data,2019
FieldTHOMPSON.08,0,11780.3265002999,Field data,2019
Average_Temp,0,11780.3265002999,Field data,2019
Max_Temp,0,11780.3265002999,Field data,2019
Min_Temp,0,11780.3265002999,Field data,2019
Average_Hum,0,11780.3265002999,Field data,2019
Average_Evapotranspiration,0,11780.3265002999,Field data,2019
Accumulated_degree_Days,0,11780.3265002999,Field data,2019
FieldTHOMPSON.00,0,11781.8508143324,Field data,2019
FieldINIAGRAPE.ONE.15,0,11782.6184879054,Field data,2019
B10_mean,0,11782.8304356449,Remote Sensing,2019
FieldSABLE.16,0,11784.3349379485,Field data,2019
FieldINIAGRAPE.ONE.14,0,11784.9360959348,Field data,2019
FieldCRIMSON..99.00,0,11786.2670864167,Field data,2019
B5_mean,0,11787.4377450096,Remote Sensing,2019
FieldCRIMSON.04,0,11788.7102069008,Field data,2019
B8A_mean,0,11792.2888178773,Remote Sensing,2019
FieldTIMCO.14.CR,0,11792.9402985568,Field data,2019
B12_mean,0,11796.2770528643,Remote Sensing,2019
Area_He,0,11797.516745653,Field data,2019
B7_mean,0,11802.8575718865,Remote Sensing,2019
B8_mean,0,11804.3777410032,Remote Sensing,2019
B6_mean,0,11809.2585663648,Remote Sensing,2019
B4_mean,0,11811.7069499276,Remote Sensing,2019
VarietyTIMCO,0,11813.8122380374,Field data,2019
B11_mean,0,11816.8425851031,Remote Sensing,2019
VarietyINIAGRAPEONE,0,11817.8239062411,Field data,2019
VarietyTHOMPSON,0,11829.5638042809,Field data,2019
B9_mean,0,11919.956412546,Remote Sensing,2019
NDVI,0,11979.4532486517,Remote Sensing,2019
EVI,0,11992.9524059195,Remote Sensing,2019
VarietyCRIMSON,0,12023.8213381707,Field data,2019
VarietyCRIMSON,1,11530.3424877597,Field data,2019
VarietyINIAGRAPEONE,1,11780.3265002999,Field data,2019
VarietySABLE,1,11763.2085895996,Field data,2019
VarietyTHOMPSON,1,11835.9890794393,Field data,2019
VarietyTIMCO,1,11844.4731270605,Field data,2019
FieldCRIMSON..99.00,1,11783.4791740182,Field data,2019
FieldCRIMSON.04,1,11807.7428256257,Field data,2019
FieldINIAGRAPE.ONE.14,1,11786.1306231823,Field data,2019
FieldINIAGRAPE.ONE.15,1,11780.3265002999,Field data,2019
FieldSABLE.14,1,11780.3265002999,Field data,2019
FieldSABLE.16,1,11782.1461356695,Field data,2019
FieldTHOMPSON.00,1,11780.217218229,Field data,2019
FieldTHOMPSON.07,1,11780.1813610959,Field data,2019
FieldTHOMPSON.08,1,11780.3265002999,Field data,2019
FieldTHOMPSON.96,1,11780.3317813258,Field data,2019
FieldTIMCO.14.CR,1,11780.3265002999,Field data,2019
Area_He,1,11788.9456278679,Field data,2019
Average_Temp,1,11780.3265002999,Field data,2019
Max_Temp,1,11780.3265002999,Field data,2019
Min_Temp,1,11780.3265002999,Field data,2019
Average_Hum,1,11780.3265002999,Field data,2019
Average_Evapotranspiration,1,11780.3265002999,Field data,2019
Accumulated_degree_Days,1,11780.3265002999,Field data,2019
B1_mean,1,11679.4749205795,Remote Sensing,2019
B2_mean,1,11721.8035049425,Remote Sensing,2019
B3_mean,1,11602.263465933,Remote Sensing,2019
B4_mean,1,11715.4798433101,Remote Sensing,2019
B5_mean,1,11792.7676837996,Remote Sensing,2019
B6_mean,1,11803.7637123597,Remote Sensing,2019
B7_mean,1,11798.8932943391,Remote Sensing,2019
B8_mean,1,11766.4895580273,Remote Sensing,2019
B8A_mean,1,11807.1291990123,Remote Sensing,2019
B9_mean,1,11847.9112531028,Remote Sensing,2019
B10_mean,1,11781.6782423071,Remote Sensing,2019
B11_mean,1,11853.737798498,Remote Sensing,2019
B12_mean,1,11801.6410127401,Remote Sensing,2019
EVI,1,11995.7998827616,Remote Sensing,2019
GNDVI,1,11380.5004380135,Remote Sensing,2019
NDVI,1,11997.8747488279,Remote Sensing,2019
VarietyCRIMSON,2,11832.285465239,Field data,2019
VarietyINIAGRAPEONE,2,11866.757160205,Field data,2019
VarietySABLE,2,11784.3721507058,Field data,2019
VarietyTHOMPSON,2,11659.4157697106,Field data,2019
VarietyTIMCO,2,11780.3265002999,Field data,2019
FieldCRIMSON..99.00,2,11780.6818166086,Field data,2019
FieldCRIMSON.04,2,11780.403554711,Field data,2019
FieldINIAGRAPE.ONE.14,2,11788.0257785643,Field data,2019
FieldINIAGRAPE.ONE.15,2,11780.3265002999,Field data,2019
FieldSABLE.14,2,11780.3265002999,Field data,2019
FieldSABLE.16,2,11783.7477330019,Field data,2019
FieldTHOMPSON.00,2,11781.7409550511,Field data,2019
FieldTHOMPSON.07,2,11780.3265002999,Field data,2019
FieldTHOMPSON.08,2,11780.3265002999,Field data,2019
FieldTHOMPSON.96,2,11779.6829925619,Field data,2019
FieldTIMCO.14.CR,2,11794.2717476087,Field data,2019
Area_He,2,11811.6909053451,Field data,2019
Average_Temp,2,11780.3265002999,Field data,2019
Max_Temp,2,11780.3265002999,Field data,2019
Min_Temp,2,11780.3265002999,Field data,2019
Average_Hum,2,11780.3265002999,Field data,2019
Average_Evapotranspiration,2,11780.3265002999,Field data,2019
Accumulated_degree_Days,2,11780.3265002999,Field data,2019
B1_mean,2,11846.0451955304,Remote Sensing,2019
B2_mean,2,11547.4988269583,Remote Sensing,2019
B3_mean,2,11762.5379850657,Remote Sensing,2019
B4_mean,2,11511.1857130382,Remote Sensing,2019
B5_mean,2,11807.2786034312,Remote Sensing,2019
B6_mean,2,11822.5870878669,Remote Sensing,2019
B7_mean,2,11785.1700027188,Remote Sensing,2019
B8_mean,2,11804.4835435535,Remote Sensing,2019
B8A_mean,2,11787.6137254267,Remote Sensing,2019
B9_mean,2,11818.6432391027,Remote Sensing,2019
B10_mean,2,11791.2995279912,Remote Sensing,2019
B11_mean,2,11793.5883925638,Remote Sensing,2019
B12_mean,2,11793.7374006936,Remote Sensing,2019
EVI,2,12083.1238569622,Remote Sensing,2019
GNDVI,2,12127.3936528972,Remote Sensing,2019
NDVI,2,12165.1813558259,Remote Sensing,2019
VarietyCRIMSON,3,12433.8400292605,Field data,2019
VarietyINIAGRAPEONE,3,11822.7779841202,Field data,2019
VarietySABLE,3,11764.1406219274,Field data,2019
VarietyTHOMPSON,3,11954.0559982449,Field data,2019
VarietyTIMCO,3,11814.1552278015,Field data,2019
FieldCRIMSON..99.00,3,11786.8796275167,Field data,2019
FieldCRIMSON.04,3,11785.6774740497,Field data,2019
FieldINIAGRAPE.ONE.14,3,11786.4654280347,Field data,2019
FieldINIAGRAPE.ONE.15,3,11784.0510969737,Field data,2019
FieldSABLE.14,3,11780.3265002999,Field data,2019
FieldSABLE.16,3,11780.3265002999,Field data,2019
FieldTHOMPSON.00,3,11781.7409550511,Field data,2019
FieldTHOMPSON.07,3,11781.6411278735,Field data,2019
FieldTHOMPSON.08,3,11780.3265002999,Field data,2019
FieldTHOMPSON.96,3,11780.2980690421,Field data,2019
FieldTIMCO.14.CR,3,11795.5833312471,Field data,2019
Area_He,3,11777.7538835014,Field data,2019
Average_Temp,3,11780.3265002999,Field data,2019
Max_Temp,3,11780.3265002999,Field data,2019
Min_Temp,3,11780.3265002999,Field data,2019
Average_Hum,3,11780.3265002999,Field data,2019
Average_Evapotranspiration,3,11780.3265002999,Field data,2019
Accumulated_degree_Days,3,11780.3265002999,Field data,2019
B1_mean,3,11839.2424661847,Remote Sensing,2019
B2_mean,3,11852.9841041907,Remote Sensing,2019
B3_mean,3,11843.2515561458,Remote Sensing,2019
B4_mean,3,11792.4082293007,Remote Sensing,2019
B5_mean,3,11795.5245762201,Remote Sensing,2019
B6_mean,3,11823.8964342135,Remote Sensing,2019
B7_mean,3,11817.7970497795,Remote Sensing,2019
B8_mean,3,11786.8502899007,Remote Sensing,2019
B8A_mean,3,11785.6438775786,Remote Sensing,2019
B9_mean,3,11911.0695174199,Remote Sensing,2019
B10_mean,3,11781.7269950136,Remote Sensing,2019
B11_mean,3,11820.2294470217,Remote Sensing,2019
B12_mean,3,11780.5849953431,Remote Sensing,2019
EVI,3,12158.7714434745,Remote Sensing,2019
GNDVI,3,11266.2567690735,Remote Sensing,2019
NDVI,3,11924.602900544,Remote Sensing,2019
VarietyCRIMSON,4,11780.3265002999,Field data,2019
VarietyINIAGRAPEONE,4,11801.5252948871,Field data,2019
VarietySABLE,4,11784.3721507058,Field data,2019
VarietyTHOMPSON,4,11817.4701827016,Field data,2019
VarietyTIMCO,4,11814.2690870811,Field data,2019
FieldCRIMSON..99.00,4,11784.0314221792,Field data,2019
FieldCRIMSON.04,4,11783.7484491128,Field data,2019
FieldINIAGRAPE.ONE.14,4,11780.9000242727,Field data,2019
FieldINIAGRAPE.ONE.15,4,11784.0510969737,Field data,2019
FieldSABLE.14,4,11780.3265002999,Field data,2019
FieldSABLE.16,4,11782.1871761696,Field data,2019
FieldTHOMPSON.00,4,11780.2387906607,Field data,2019
FieldTHOMPSON.07,4,11778.2549530515,Field data,2019
FieldTHOMPSON.08,4,11780.3265002999,Field data,2019
FieldTHOMPSON.96,4,11777.2583468801,Field data,2019
FieldTIMCO.14.CR,4,11794.2958608924,Field data,2019
Area_He,4,11792.6565243882,Field data,2019
Average_Temp,4,11780.3265002999,Field data,2019
Max_Temp,4,11780.3265002999,Field data,2019
Min_Temp,4,11780.3265002999,Field data,2019
Average_Hum,4,11780.3265002999,Field data,2019
Average_Evapotranspiration,4,11780.3265002999,Field data,2019
Accumulated_degree_Days,4,11780.3265002999,Field data,2019
B1_mean,4,11889.8995799596,Remote Sensing,2019
B2_mean,4,11861.3776742205,Remote Sensing,2019
B3_mean,4,11659.533000248,Remote Sensing,2019
B4_mean,4,11789.7886340038,Remote Sensing,2019
B5_mean,4,11799.9281190489,Remote Sensing,2019
B6_mean,4,11789.3810710837,Remote Sensing,2019
B7_mean,4,11809.7642565771,Remote Sensing,2019
B8_mean,4,11810.345318015,Remote Sensing,2019
B8A_mean,4,11802.3643751332,Remote Sensing,2019
B9_mean,4,11901.3946994744,Remote Sensing,2019
B10_mean,4,11786.298133458,Remote Sensing,2019
B11_mean,4,11834.9521649985,Remote Sensing,2019
B12_mean,4,11808.6233251108,Remote Sensing,2019
EVI,4,11902.587746227,Remote Sensing,2019
GNDVI,4,11860.6133268161,Remote Sensing,2019
NDVI,4,11980.6332643545,Remote Sensing,2019
VarietyCRIMSON,5,12316.6486427784,Field data,2019
VarietyINIAGRAPEONE,5,11866.1882979126,Field data,2019
VarietySABLE,5,11783.4417186269,Field data,2019
VarietyTHOMPSON,5,11874.4458318901,Field data,2019
VarietyTIMCO,5,11841.8951895929,Field data,2019
FieldCRIMSON..99.00,5,11788.2585904994,Field data,2019
FieldCRIMSON.04,5,11780.3265002999,Field data,2019
FieldINIAGRAPE.ONE.14,5,11780.9000242727,Field data,2019
FieldINIAGRAPE.ONE.15,5,11784.896585977,Field data,2019
FieldSABLE.14,5,11780.3265002999,Field data,2019
FieldSABLE.16,5,11788.5014625386,Field data,2019
FieldTHOMPSON.00,5,11781.6817583731,Field data,2019
FieldTHOMPSON.07,5,11780.1813610959,Field data,2019
FieldTHOMPSON.08,5,11780.3265002999,Field data,2019
FieldTHOMPSON.96,5,11776.9380811207,Field data,2019
FieldTIMCO.14.CR,5,11794.4840559013,Field data,2019
Area_He,5,11799.3001372848,Field data,2019
Average_Temp,5,11780.3265002999,Field data,2019
Max_Temp,5,11780.3265002999,Field data,2019
Min_Temp,5,11780.3265002999,Field data,2019
Average_Hum,5,11780.3265002999,Field data,2019
Average_Evapotranspiration,5,11780.3265002999,Field data,2019
Accumulated_degree_Days,5,11780.3265002999,Field data,2019
B1_mean,5,11830.9741661583,Remote Sensing,2019
B2_mean,5,11630.6934922524,Remote Sensing,2019
B3_mean,5,11697.0684087307,Remote Sensing,2019
B4_mean,5,11821.7982865089,Remote Sensing,2019
B5_mean,5,11848.0772285409,Remote Sensing,2019
B6_mean,5,11804.2597330056,Remote Sensing,2019
B7_mean,5,11802.820174067,Remote Sensing,2019
B8_mean,5,11838.9388713179,Remote Sensing,2019
B8A_mean,5,11792.0066798214,Remote Sensing,2019
B9_mean,5,11916.9125628987,Remote Sensing,2019
B10_mean,5,11784.5543099897,Remote Sensing,2019
B11_mean,5,11827.9552362373,Remote Sensing,2019
B12_mean,5,11797.5237245882,Remote Sensing,2019
EVI,5,11900.3241127317,Remote Sensing,2019
GNDVI,5,11407.3819798715,Remote Sensing,2019
NDVI,5,11523.9479035201,Remote Sensing,2019
VarietyCRIMSON,6,11432.040175429,Field data,2019
VarietyINIAGRAPEONE,6,11828.7444032468,Field data,2019
VarietySABLE,6,11799.2720707517,Field data,2019
VarietyTHOMPSON,6,12081.2465176207,Field data,2019
VarietyTIMCO,6,11780.3265002999,Field data,2019
FieldCRIMSON..99.00,6,11784.0314221792,Field data,2019
FieldCRIMSON.04,6,11817.6908439088,Field data,2019
FieldINIAGRAPE.ONE.14,6,11786.203382233,Field data,2019
FieldINIAGRAPE.ONE.15,6,11784.9306091893,Field data,2019
FieldSABLE.14,6,11780.3265002999,Field data,2019
FieldSABLE.16,6,11783.8190213872,Field data,2019
FieldTHOMPSON.00,6,11780.2387906607,Field data,2019
FieldTHOMPSON.07,6,11780.3265002999,Field data,2019
FieldTHOMPSON.08,6,11780.3265002999,Field data,2019
FieldTHOMPSON.96,6,11779.6829925619,Field data,2019
FieldTIMCO.14.CR,6,11795.5833312471,Field data,2019
Area_He,6,11801.9999401017,Field data,2019
Average_Temp,6,11780.3265002999,Field data,2019
Max_Temp,6,11780.3265002999,Field data,2019
Min_Temp,6,11780.3265002999,Field data,2019
Average_Hum,6,11780.3265002999,Field data,2019
Average_Evapotranspiration,6,11780.3265002999,Field data,2019
Accumulated_degree_Days,6,11780.3265002999,Field data,2019
B1_mean,6,11792.3735624044,Remote Sensing,2019
B2_mean,6,11595.6559049061,Remote Sensing,2019
B3_mean,6,11719.0904158877,Remote Sensing,2019
B4_mean,6,11739.0664761322,Remote Sensing,2019
B5_mean,6,11757.5371368045,Remote Sensing,2019
B6_mean,6,11819.8922753151,Remote Sensing,2019
B7_mean,6,11799.2732383908,Remote Sensing,2019
B8_mean,6,11813.4783636452,Remote Sensing,2019
B8A_mean,6,11796.4618964933,Remote Sensing,2019
B9_mean,6,11911.1903951128,Remote Sensing,2019
B10_mean,6,11778.3680407151,Remote Sensing,2019
B11_mean,6,11843.2256871042,Remote Sensing,2019
B12_mean,6,11790.5710352182,Remote Sensing,2019
EVI,6,11929.5447011173,Remote Sensing,2019
GNDVI,6,11945.0581596268,Remote Sensing,2019
NDVI,6,11953.147065889,Remote Sensing,2019
VarietyCRIMSON,7,12487.3349992001,Field data,2019
VarietyINIAGRAPEONE,7,11801.5621449822,Field data,2019
VarietySABLE,7,11722.328119197,Field data,2019
VarietyTHOMPSON,7,11996.4287970267,Field data,2019
VarietyTIMCO,7,11817.1004146725,Field data,2019
FieldCRIMSON..99.00,7,11803.2445463481,Field data,2019
FieldCRIMSON.04,7,11783.7484491128,Field data,2019
FieldINIAGRAPE.ONE.14,7,11788.0257785643,Field data,2019
FieldINIAGRAPE.ONE.15,7,11783.2798684373,Field data,2019
FieldSABLE.14,7,11780.3265002999,Field data,2019
FieldSABLE.16,7,11782.0116844719,Field data,2019
FieldTHOMPSON.00,7,11792.1366752174,Field data,2019
FieldTHOMPSON.07,7,11781.6411278735,Field data,2019
FieldTHOMPSON.08,7,11780.3265002999,Field data,2019
FieldTHOMPSON.96,7,11781.0417683893,Field data,2019
FieldTIMCO.14.CR,7,11795.5833312471,Field data,2019
Area_He,7,11804.7560274621,Field data,2019
Average_Temp,7,11780.3265002999,Field data,2019
Max_Temp,7,11780.3265002999,Field data,2019
Min_Temp,7,11780.3265002999,Field data,2019
Average_Hum,7,11780.3265002999,Field data,2019
Average_Evapotranspiration,7,11780.3265002999,Field data,2019
Accumulated_degree_Days,7,11780.3265002999,Field data,2019
B1_mean,7,11755.0576284778,Remote Sensing,2019
B2_mean,7,11729.4448795223,Remote Sensing,2019
B3_mean,7,11625.5251265836,Remote Sensing,2019
B4_mean,7,12016.794224887,Remote Sensing,2019
B5_mean,7,11761.4168261073,Remote Sensing,2019
B6_mean,7,11792.5081330394,Remote Sensing,2019
B7_mean,7,11793.4960193579,Remote Sensing,2019
B8_mean,7,11783.7674085691,Remote Sensing,2019
B8A_mean,7,11790.4125189238,Remote Sensing,2019
B9_mean,7,11982.0097995369,Remote Sensing,2019
B10_mean,7,11778.7765138337,Remote Sensing,2019
B11_mean,7,11797.5170295367,Remote Sensing,2019
B12_mean,7,11800.1451909676,Remote Sensing,2019
EVI,7,12190.1580214032,Remote Sensing,2019
GNDVI,7,11653.4153999622,Remote Sensing,2019
NDVI,7,11902.3549402556,Remote Sensing,2019
VarietyCRIMSON,8,12799.3010967496,Field data,2019
VarietyINIAGRAPEONE,8,11801.6452334114,Field data,2019
VarietySABLE,8,11763.2085895996,Field data,2019
VarietyTHOMPSON,8,11472.4430153603,Field data,2019
VarietyTIMCO,8,11815.181427513,Field data,2019
FieldCRIMSON..99.00,8,11788.2585904994,Field data,2019
FieldCRIMSON.04,8,11780.3265002999,Field data,2019
FieldINIAGRAPE.ONE.14,8,11786.1306231823,Field data,2019
FieldINIAGRAPE.ONE.15,8,11779.94502363,Field data,2019
FieldSABLE.14,8,11780.3265002999,Field data,2019
FieldSABLE.16,8,11782.0854166039,Field data,2019
FieldTHOMPSON.00,8,11781.7409550511,Field data,2019
FieldTHOMPSON.07,8,11779.9881404099,Field data,2019
FieldTHOMPSON.08,8,11780.3265002999,Field data,2019
FieldTHOMPSON.96,8,11781.0417683893,Field data,2019
FieldTIMCO.14.CR,8,11794.6271068604,Field data,2019
Area_He,8,11792.2893117195,Field data,2019
Average_Temp,8,11780.3265002999,Field data,2019
Max_Temp,8,11780.3265002999,Field data,2019
Min_Temp,8,11780.3265002999,Field data,2019
Average_Hum,8,11780.3265002999,Field data,2019
Average_Evapotranspiration,8,11780.3265002999,Field data,2019
Accumulated_degree_Days,8,11780.3265002999,Field data,2019
B1_mean,8,11770.9720420767,Remote Sensing,2019
B2_mean,8,11883.6303075594,Remote Sensing,2019
B3_mean,8,11598.8199637376,Remote Sensing,2019
B4_mean,8,11847.8442939274,Remote Sensing,2019
B5_mean,8,11733.8876481824,Remote Sensing,2019
B6_mean,8,11808.8361841611,Remote Sensing,2019
B7_mean,8,11805.433108975,Remote Sensing,2019
B8_mean,8,11794.1329651868,Remote Sensing,2019
B8A_mean,8,11792.3050806536,Remote Sensing,2019
B9_mean,8,12061.5773132186,Remote Sensing,2019
B10_mean,8,11777.8893239684,Remote Sensing,2019
B11_mean,8,11799.9823704933,Remote Sensing,2019
B12_mean,8,11810.9482199717,Remote Sensing,2019
EVI,8,12079.6672829079,Remote Sensing,2019
GNDVI,8,11770.9644542371,Remote Sensing,2019
NDVI,8,12329.5432101571,Remote Sensing,2019
VarietyCRIMSON,9,12321.6259086484,Field data,2019
VarietyINIAGRAPEONE,9,11828.3855430461,Field data,2019
VarietySABLE,9,11767.8778002756,Field data,2019
VarietyTHOMPSON,9,11707.272350336,Field data,2019
VarietyTIMCO,9,11814.2690870811,Field data,2019
FieldCRIMSON..99.00,9,11783.4791740182,Field data,2019
FieldCRIMSON.04,9,11784.3978607025,Field data,2019
FieldINIAGRAPE.ONE.14,9,11786.2527967417,Field data,2019
FieldINIAGRAPE.ONE.15,9,11780.3265002999,Field data,2019
FieldSABLE.14,9,11780.3265002999,Field data,2019
FieldSABLE.16,9,11796.3370731725,Field data,2019
FieldTHOMPSON.00,9,11780.356485651,Field data,2019
FieldTHOMPSON.07,9,11780.3265002999,Field data,2019
FieldTHOMPSON.08,9,11780.3265002999,Field data,2019
FieldTHOMPSON.96,9,11780.3336510894,Field data,2019
FieldTIMCO.14.CR,9,11789.7680337613,Field data,2019
Area_He,9,11793.6186784722,Field data,2019
Average_Temp,9,11780.3265002999,Field data,2019
Max_Temp,9,11780.3265002999,Field data,2019
Min_Temp,9,11780.3265002999,Field data,2019
Average_Hum,9,11780.3265002999,Field data,2019
Average_Evapotranspiration,9,11780.3265002999,Field data,2019
Accumulated_degree_Days,9,11780.3265002999,Field data,2019
B1_mean,9,11704.9956157841,Remote Sensing,2019
B2_mean,9,11762.4528392912,Remote Sensing,2019
B3_mean,9,11730.6486779555,Remote Sensing,2019
B4_mean,9,11944.8156254419,Remote Sensing,2019
B5_mean,9,11774.5489453062,Remote Sensing,2019
B6_mean,9,11809.3057450977,Remote Sensing,2019
B7_mean,9,11789.3831113674,Remote Sensing,2019
B8_mean,9,11802.81971666,Remote Sensing,2019
B8A_mean,9,11781.4639898709,Remote Sensing,2019
B9_mean,9,11897.0706707842,Remote Sensing,2019
B10_mean,9,11784.8077198894,Remote Sensing,2019
B11_mean,9,11831.8385089762,Remote Sensing,2019
B12_mean,9,11783.3735674918,Remote Sensing,2019
EVI,9,11801.8716089683,Remote Sensing,2019
GNDVI,9,11450.9909510979,Remote Sensing,2019
NDVI,9,12005.5813824555,Remote Sensing,2019
VarietyCRIMSON,10,11304.4680763421,Field data,2019
VarietyINIAGRAPEONE,10,11780.3265002999,Field data,2019
VarietySABLE,10,11708.287101446,Field data,2019
VarietyTHOMPSON,10,11896.8705004792,Field data,2019
VarietyTIMCO,10,11816.125818971,Field data,2019
FieldCRIMSON..99.00,10,11780.3265002999,Field data,2019
FieldCRIMSON.04,10,11783.039611185,Field data,2019
FieldINIAGRAPE.ONE.14,10,11780.3265002999,Field data,2019
FieldINIAGRAPE.ONE.15,10,11784.0510969737,Field data,2019
FieldSABLE.14,10,11780.3265002999,Field data,2019
FieldSABLE.16,10,11782.1871761696,Field data,2019
FieldTHOMPSON.00,10,11778.4155593789,Field data,2019
FieldTHOMPSON.07,10,11780.1813610959,Field data,2019
FieldTHOMPSON.08,10,11780.3265002999,Field data,2019
FieldTHOMPSON.96,10,11785.96112416,Field data,2019
FieldTIMCO.14.CR,10,11794.8796865031,Field data,2019
Area_He,10,11812.1564203866,Field data,2019
Average_Temp,10,11780.3265002999,Field data,2019
Max_Temp,10,11780.3265002999,Field data,2019
Min_Temp,10,11780.3265002999,Field data,2019
Average_Hum,10,11780.3265002999,Field data,2019
Average_Evapotranspiration,10,11780.3265002999,Field data,2019
Accumulated_degree_Days,10,11780.3265002999,Field data,2019
B1_mean,10,11675.5525499525,Remote Sensing,2019
B2_mean,10,11588.6186626539,Remote Sensing,2019
B3_mean,10,11737.3373751182,Remote Sensing,2019
B4_mean,10,11937.8881727257,Remote Sensing,2019
B5_mean,10,11803.4106826549,Remote Sensing,2019
B6_mean,10,11818.1552875049,Remote Sensing,2019
B7_mean,10,11826.5454632923,Remote Sensing,2019
B8_mean,10,11842.4713751562,Remote Sensing,2019
B8A_mean,10,11787.4868358588,Remote Sensing,2019
B9_mean,10,11951.7846748093,Remote Sensing,2019
B10_mean,10,11782.9055492823,Remote Sensing,2019
B11_mean,10,11765.3992156017,Remote Sensing,2019
B12_mean,10,11795.6220565179,Remote Sensing,2019
EVI,10,11887.6754026413,Remote Sensing,2019
GNDVI,10,12252.3097220946,Remote Sensing,2019
NDVI,10,12011.6657146872,Remote Sensing,2019
